테마	제목	가사
사랑	좋아져	"거울을 자주 보게 됐어
더 밝은 모습으로 널 만나고 싶어
예쁜 옷을 찾아보게 됐어
더 멋진 모습으로 너를 만나고 싶어
늘 귀찮기만했던
집을 나서기 힘들던
내가 달라졌어
모두 놀라 달라진
내 모습을 보면 어쩐지
다른 사람 보는 것만 같아
너를 생각하면 나는 좋아져
달라져 더 나은 내가 되고 싶어
너 때문에 모든 게 난 좋아져
세상의 많은 좋은 것들을
다 너하고만 시작하겠어
네가 더 궁금해지게 됐어
또 어떤 표정일지 상상하게 됐어
주말을 기다리게 됐어
너만을 위한 계획들 다 해보고 싶어
늘 귀찮기만했던
집을 나서기 힘들던
내가 달라졌어
모두 놀라 달라진
내 모습을 보면 어쩐지
다른 사람 보는 것만 같아
너를 생각하면 나는 좋아져
달라져 더 나은 내가 되고 싶어
너 때문에 모든 게 난 좋아져
세상의 많은 좋은 것들을
다 너하고만 시작하겠어
왜 갑자기
내 마음속에 찾아와 놓고선
아무것도 날 못하게 해
어쩌면 너만 기다렸던 건지 난
나도 놀라 달라진
내 모습을 보면 어쩐지
다른 사람 보는 것만 같아
너를 생각하면 나는 좋아져 달라져
더 나은 내가 되고 싶어
너 때문에 모든 게 난 좋아져
세상의 많은 좋은 것들을
다 너하고만 시작할래
너 아니면 혼자 있을래"
사랑	"어장관리 (With 온유, 유인나)"	"그 앤 내가 참 편하대
그 앤 내가 필요하대
운명인 것 같아 점점 더 안달 나
나도 요즘 아무것도 없이 웃고
심심할 틈 없이 편안해
말하자면 이런 느낌 첨인데
말하자면 이런 적은 없는데
요즘 나 헷갈려 점점 더 깊어져
내 곁에 그녈 두고 파
한번 만나볼래 우리 같이 볼까
한번 불러보자 한 번쯤 워
한번 만나볼래 우리 같이 볼까
한번 불러보자 한 번쯤 워
정신이 없었대 밀당은 못한대
요즘 더 헷갈려 갈수록 깊어져
내 옆에 그 앨 두고파
한번 만나볼래 우리 같이 볼까
한번 불러보자 한 번쯤 워
한번 만나볼래 우리 같이 볼까
한번 불러보자 한 번쯤 워
우린 좋은 친구잖아
난 정말 너희 둘이 좋아
정말 좋아
이제 우린 over 너와 나는 over
우린 모두 over 어장관리
이제 그만 over 얘랑 너도 over
우린 모두 over 어장관리"
사랑	뭔가 있어	"이봐요 잠깐만 기다려 봐요
당신의 그 눈빛은 뭔가요
설명이 필요할 것 같은데
예쁘게 바라보는 것도 아닌데
그저 눈길이 닿은 건데 
오늘은 뭔가 달랐어
그대가 모르는 건지 내가 몰랐던 건지
누군 간 변했어
Feeling Feeling 
너에게 느껴져요
Feeling Feeling Feeling
가만히 있는데 숨이 멎을 것 같아
아무것도 보이지 않고 너만 
느껴지는 따스한 순간
힐링힐링 너에게 힐링해요
힐링 힐링 힐링
아무래도 좋아
이런 기분 좋아
너에게만 느껴지는 뭔가 있어
내 눈엔
어때요 사라질 거 같은가요
내가 말했던 이 느낌이
그렇다면 틀렸어요
아무렇지도 않게 하루를 다 써버리고
그대가 있는 곳에 하루 종일 버티고
그래도 모자라 
아직도 아쉬워 생각 나는걸
Feeling Feeling 
너에게 느껴져요
Feeling Feeling Feeling
가만히 있는데 숨이 멎을 것 같아
아무것도 보이지 않고 너만 
느껴지는 따스한 순간
힐링힐링 너에게 힐링해요
힐링 힐링 힐링
아무래도 좋아
이런 기분좋아
너에게만 느껴지는 뭔가 있어
내 눈엔
왠지 난 이 사람에 눈을 뜬 거 같아요
그댈 향한 내 맘이 좀 무거운가요
그 어떤 바램도 혹은 그 어떤 마음도
달라고 애쓰거나 조르지 않을게요
아무래도 좋아 이런 기분 좋아
그대와 같은 하루를 살고
그대와 함께 걷고
사랑한다 말하고 싶어
아무래도 좋아
이런 기분 좋아
너에게만 느껴지는 뭔가 있어
내 눈엔
뭔가 있어요 너에겐 너에겐"
사랑	Iced Coffee	"커피를 좋아하는 넌
하루에도 우린 몇 번씩 함께해
너를 좋아하는 난
네 투정에도 아무 말없이 늘 함께해
밤하늘 같은 색에
Half & Half
그리고 Ice like a star
그 위로 약간 저어서
한입 마시고 날 보면서
아이같이 좋아해
어떻게 이보다 더
지금 보다 더 사랑스러울 수 있니
사랑해 널
우리 처음 만난 날
그날을 아직 난 기억해 기억해
가끔 나도 모르게 널
보고 있다는 걸 잊곤 해
Loving you
너와의 시간이 너무 행복해
끝이 없는 것처럼 항상 너만 생각해
한입 마시고 날 보면서
아이같이 좋아해
어떻게 이보다 더
지금 보다 더 사랑스러울 수 있니
사랑해 널 널 사랑해 사랑해 널
내가 만든 세상에서 넌
여기 얼음처럼 항상 가득해
Maybe 쓴맛 나지 않도록
너만의 달콤함이 돼
밤하늘 같은 색에
Half & Half
그리고 Ice like a star
밤하늘 같은 색에
Half & Half
그리고 Ice like a star
밤하늘 같은 색에
Half & Half
그리고 Ice like a star
밤하늘 같은 색에
Half & Half
그리고 Ice like a star
아이같이 좋아해"
사랑	생각해	"Hey 눈 뜨면 네 생각에 항상
행복해지곤 해
밝은 햇살도 너를 닮아
환한 미소를 짓게 해
Think about you think about me
think about love
이건 개나 소나 다들 하는 생각일 걸
아마도 어쩜 마지막이지 않을까 싶네
이제 머리로는 충분히 다 해서 그래
네 입술의 향기에 이끌려 펑 하며
몸 속 도는 엔도르핀이 터지는 걸
무엇이든 좋아 아름다운 너와 난
어디로든 날아가고파 Fly fly
Babe 오랜 시간 동안 날
그리워했었다고 내게 말해 줄래
정말 큰일이야 시도 때도 없이
너만 생각해 나 왜 이래
두 팔에 쏙 하고 안겨있는
너를 매일 상상해 Oh 행복해
나 생각해 널 생각해
잠 못 드네 그대 생각에
Lalala lala lalala
너를 위해 불러 이 노래를
Cause I love you
그댈 보고 있으면
두근두근 심장이 뛰어
이런 내 맘 알까 들키긴 싫어
걱정 마 이제는 안 덜렁대
그때와 달리 널 보면
어쩔 땐 뭐를 원하는지
기분이 나쁜지 생각 안 해도 알지
아프진 않는지 눈뜰 때마다 걱정돼
넌 아이처럼 여리기에
항상 매일 옆에 있고 싶게 돼
언제나 품 안에서 감싸주고 싶은
너무 소중한 존재야 내겐
Babe 봄처럼 따스한 그댈
안고 싶었다고 네게 말해 줄게
정말 큰일이야 시도 때도 없이
너만 생각해 나 왜 이래
두 팔에 쏙 하고 안겨있는
너를 매일 상상해 Oh 행복해
나 생각해 널 생각해
잠 못 드네 그대 생각에
Lalala lala lalala
너를 위해 불러 이 노래를
네가 원하는 건 다 네게 주고 싶어
이 세상에 없대도 밤하늘의 별이라도
아침부터 밤까지 나의 마음은
너 하나로 채워 생각했던 시간
헤매고 길을 잃어도
내가 진심을 담아서
찾아갈게 네가 어디에 있어도
정말 큰일이야 시도 때도 없이
너만 생각해 나 왜 이래
두 팔에 쏙 하고 안겨있는
너를 매일 상상해 Oh 행복해
나 생각해 널 생각해
잠 못 드네 그대 생각에
Lalala lala lalala
너를 위해 불러 이 노래를"
사랑	그대 만나는 날	"내일 그댈 만나는 날 어떡해
맘에 드는 옷 단 하나도 없는데
언니 옷장에서 제일 예쁜 옷 
몰래 꺼냈죠
벌써부터 난 내일을 준비하죠
참 기분 좋은 일이죠
주말엔 밀린 드라마를 
보기 바빴는데
어느새 난 그댈 기대해요
참 기분 좋은 날이죠
비 오는 흐린 날에도 
어디든 괜찮아요
그대 내 곁에 있어 준다면
오늘 그댈 만나는 날 설렘에
어젠 잠도 못 잤죠 그대 생각에
어떤 영활 볼까 
뭘 먹을까 어디로 갈까
들뜬 내 마음 숨기려 크게웃죠 
참 기분 좋은 일이죠
주말엔 밀린 드라마를 
보기 바빴는데
어느새 난 그댈 기대해요
참 기분 좋은 날이죠
비 오는 흐린 날에도 
어디든 괜찮아요
그대 내 곁에 있어 준다면
내일 또 우리 만나요
맘으로 수백 번이나 
건네고 싶던 이말
아직은 나 용기가 안나요 
참 기분 좋은 날이죠
달콤한 꿈이라 해도 
잊을 수 없는 순간
그대와 내가 처음 만난 날
그대와 내가 처음 만난 날"
사랑	나무	"세상에 똑 같은 건 없어
애써 맞출 필요 없잖아
아무도 뭐라 할 수 없어
니가 원한다면 괜찮아
우리 서로 사랑할 때
보이는 건 중요치 않아
그 모습 그대로면 충분해
우린 서로 다른 곳을 향해
자라가는 나무 들일 뿐이야
서로 다른 색의 꽃이 필 때
찬란한 숲이 될 거야
이제는 너를 보여줘
애써 감출 필요 없잖아
모두의 맘에 들 순 없어
네 맘에 들면 괜찮아
우리 서로 사랑할 때
보이는 건 중요치 않아
그 마음 하나로도 충분해
우린 서로 다른 곳을 향해
자라가는 나무 들일 뿐이야
서로 다른 색의 꽃이 필 때
찬란한 숲이 될 거야
우린 서로 다른 곳을 향해
자라가는 나무 들일 뿐이야
서로 다른 색의 꽃이 필 때
찬란한 숲이 될 거야
우린 서로 다른 곳을 향해
자라가는 나무 들일 뿐이야
서로 다른 색의 꽃이 필 때
찬란한 숲이 될 거야"
사랑	그는	"그는 매력 있어 너무 멋져
한눈에 모두 반할 거야
그는 잘 생겼어 웃음이 예뻐
매일매일 갖고 싶어
오 그 사람은 너무 완벽해
내겐 아이돌 배우 아님 천사
오 그 사람의 모든 걸 갖고 싶어
하루 종일 그대 생각만
오 그대 내 마음 좀 받아줘요
난 그대 밖에 몰라요
내 사랑 그댄 내게 전부에요
지금 당장 안아줘요
왜 나를 바보라고 자꾸 부르나요
지금 내 마음 진심인데 진짜
조금 서툴지만 그댈 향한 마음
만큼은 나 자신 있어
방금 나를 보고 웃었나요
그대 맘도 내 맘과 같나요
나 지금 추워 배고파 어디든 가요
그대와 데이트할래
오 그대 내 마음 좀 받아줘요
난 그대 밖에 몰라요
내 사랑 그댄 내겐 오 전부에요
지금 당장 안아줘요
나도 이런 말 하기 진짜
쉽지 않아요 믿어줘
그만큼 그대가 내게 너무 간절해요
지금 내게 입 맞춰요
오 그대 내 마음 좀 받아줘요
난 그대 밖에 몰라요
내 사랑 그댄 내게 오 전부에요
지금 당장 안아줘요"
사랑	"좋아요 (Feat. 로라, 더브릿지)"	"드디어 내 앞에 나타나 이 설렘 
안겨줬어
바라보면 눈을 뗄 수가 없어요 
왜 이러죠
웃음이 나 그대만 생각하면 
아무 것도 아닌 일인데도 난
믿어줄래요 이런 마음 
처음인 것 같아요
느낌이 좋아요 사랑을 할래요 
그대와 둘이서
내 맘에 들어와요 그대면 좋아요 
꿈처럼 포근한 이 사랑
좋아요 좋아요 좋아요
드디어 내 앞에 나타나 이 설렘 
안겨줬어
바라보면 눈을 뗄 수가 없어요 
왜 이러죠
웃음이 나 그대만 생각하면 
아무 것도 아닌 일인데도 난
믿어줄래요 이런 마음 
처음인 것 같아요
느낌이 좋아요 사랑을 할래요 
그대와 둘이서
내 맘에 들어와요 그대면 좋아요 
꿈처럼 포근한 이 사랑
좋아요 좋아요 좋아요
좋아도 너무 좋아
내 맘도 그런 걸요
선물 같은 사랑 그대와 나 
심장이 두근거려
느낌이 좋아요 사랑을 할래요 
그대와 둘이서
내 맘에 들어와요 그대면 좋아요 
꿈처럼 포근한 이 사랑
좋아요 좋아요 좋아요"
사랑	Hot Hot Hot	"그래 난 다 알고 있었어 
나의 여자친구는 
사람이 아닐 거야
어라 이건 뭘까 
니가 왜 여기 있니
옷은 또 그게 뭐니
여긴 내 방 맞고 거긴 
내 창문인데 니가 왜 거기 있니
에구머니나 그렇게도 
나 기다리던 그날인 걸까
게슴츠레 날 바라보는 
니 눈빛 너무 Hot Hot Hot
Hey 난 다 알고 있었어 
나의 여자친구는 
사람이 아닐 거야
요정일 거야 넌 천사일 거야 
그만큼 예뻐 넌
어라 이건 뭘까 
손도 못 잡았는데 
내게 입맞추는 너
무슨 말을 할까 무슨 말이 필요해
이 순간 날 맡길게
에구머니나 내 몸이 
왜 이런 거니 이러면 안돼
그러면서 나 싫지 않은
이 기분 뭐니Hot Hot Hot
Hey 난 다 알고 있었어 
나의 여자친구는 
사람이 아닐 거야
요정일 거야 넌 천사일 거야 
그만큼 예뻐 넌
꿈을 꾸는 것만 같아
너와 함께 있다는 게
너를 안고 입 맞추고
너를 좋아해 너를 사랑해
눈을 떠 보니 너는 없어 
모든 게 꿈이었어
아 정말 좋았는데
다시 잠들면 꿈을 꿀까
니가 다시 와줄까
다시 입 맞춰줄까
꿈이라도 좋아 
너라면 좋아 그만큼 예뻐 넌
Hey 난 다 알고 있었어
나의 여자친구는 
사람이 아닐 거야
요정일 거야 넌 천사일 거야
그만큼 예뻐 넌
그래 난 다 알고 있었어
나의 여자친구는
사람이 아닐 거야"
사랑	분홍길 (Feat. 덕스훈트)	"창문 틈 사이로
아침햇살이 쏟아져
마치 천국에 온 것처럼
햇살이 쏟아져
잠에서 깨어나도
감은 눈을 뜨긴 싫어
마치 구름 위에 떠 있는듯해
새까만 밤하늘 사이로
별빛이 쏟아져
별빛 위를 걷는 기분이야
조금 더 가까이
가면 닿을 것만 같아
울적했던 기분 좋아져
다시 또 나는 눈을 감아
다시 꿈속으로 들어가
향긋한 바람 냄새가
내게로 흔들리는
나뭇잎이 손 흔들며
나와 인사해
푸르르르르 스르르르르
분홍색 꽃잎이
내 눈 앞에 떨어져
화려한 분홍 길을
만들어서 내게 보여줘
분홍색 물감을 뿌려
분홍색 물감을 뿌려
햇살에 비치는 우리는
다시 꿈속으로 들어가
향긋한 바람 냄새가
내게로 흔들리는
나뭇잎이 손 흔들며
나와 인사해
푸르르르르 스르르르르
겨울이 다 가고
돌아왔어 봄이
벚꽃 길이 보여 분홍 꽃이
다들 가는 곳이
나에겐 도저히
흔한 길이 아냐
작게 고이 접힌 쪽지
그 안에 낙서되어있는 작은 하트
모양에 아직 까지
색칠하지 않은 마음
너란 크레파스처럼
순수한 아이가 채워주지
이렇게 넌 나에게는 다야
이렇게 내 마음이 들뜨는 날이
흔치 않아 다신 오지 않을 것 같이
너무나 행복해
It's beautiful day
오늘은 일찍 가지 않게
핑계를 지어내 uh
매일 낮과 밤이
바뀌지만 너는 역시
시간과 장소에
구애 받지 않는 여신
일하는 곳이 멀어 보고 싶을 땐
짧은 통화 한번에
난 하루 종일 힘을 내요 girl
달빛 옥상으로 올라가
시원해진 마룻바닥에
내게로 밤하늘이
웃음 짓고 나를 반기며
나와 인사해
푸르르르르 스르르르르
달빛옥상으로 올라가
시원해진 마룻바닥에
내게로 밤하늘이
웃음 짓고 나를 반기며
나와 인사해
푸르르르르 스르르르르
달빛옥상으로 올라가
시원해진 마룻바닥에
내게로 밤하늘이
웃음 짓고 나를 반기며
나와 인사해
푸르르르르 스르르르르"
사랑	3호차 (Feat. 덕스훈트)	"첫 기차 타려고
새벽녘부터 나와 앉아서
아무 생각 없이
내 발걸음을 따라가
또 나에게 사랑이 혹시나
다시 또 내 사랑이 시작되려나
기차는 왜 이렇게 빨리
굴러만 가는 건지
시간은 왜 이렇게 빨리
흘러만 가는 건지
3호차 8B번에
앉아 있는 널 그때 처음 봤지
그 옆 좌석에 아무도 없어
나도 모르게
앉아 버렸어 앉아 버렸어
나도 모르게 앉아 버렸어
앉아 버렸어 앉아 버렸어
너 때문에 가는 내내
기차는 왜 이렇게 빨리
굴러만 가는 건지
시간은 왜 이렇게 빨리
흘러만 가는 건지
안녕 hello
이름은 모르지만
내가 하필이면 타 버린 칸에
니가 있어
나로 말하자면 원래 완전 힙합
아님 노래 듣지도 않는 래퍼
래퍼이지만 지금 이 곡만큼은
그렇게 하지 못해
누가 이 곡만 들으면
날 아마도 사랑 노래 하나로
대표하려는 놈으로 볼지도 몰라
아 몰라
창문 밖을 보고 있는 너의 모습
날 멈추게 했어 hoo
그래 자리 배치 받은 곳을
보니까 니 옆자리였어 uh
이건 분명히 기회일 거야
이걸 놓치면 평생 후회할 거야
그래 이번엔 다를 거야
내 미숙했던 모습관
전혀 다른 기분으로
3호차에 올라타
또 나에게
사랑이 혹시나
다시 또 내
사랑이 시작되려나
기차는 왜 이렇게 빨리
굴러만 가는 건지
시간은 왜 이렇게 빨리
흘러만 가는 건지"
사랑	알고싶어 (Remastering Ver.)	"My Endless lover 
언제라도 네가 날 불러준다면 
고민 없이 바로 네 곁으로 
안아줄까 더 위험하게 
나도 장난칠까 하고 있어 
하루 종일 난 너 없이 
잘 버틸 수 있을까 생각해 
매일 네가 있어 밤하늘처럼 
매 순간 빛나는 
너를 바라볼 수가 있어서 
It's you 아침 햇살이 
비춰주는 special girl 
눈부신 네 모습에 나는 Whow 
꼭 숨이 멎을 것만 같아 
oh my love 널 알고 싶어 
하루 종일 난 너 없이 
잘 버틸 수 있을까 생각해 
매일 네가 있어 밤하늘처럼 
매 순간 빛나는 
너를 바라볼 수가 있어서 
It's you 아침 햇살이 
비춰주는 special girl 
눈부신 네 모습에 나는 Whow 
꼭 숨이 멎을 것만 같아 
oh my love 널 알고 싶어 
It's you 아침 햇살이
비춰주는 special girl
눈부신 네 모습에 나는 Whow
꼭 숨이 멎을 것만 같아
oh my love 널 알고 싶어
우리 둘이 이렇게
껴 안고 있을 때
hey baby don't worry
cause you're my only babe
나와 영원을 약속해
It's you 아침 햇살이
비춰주는 special girl
눈부신 네 모습에 나는 Whow
꼭 숨이 멎을 것만 같아
oh my love 널 알고 싶어
It's you 아침 햇살이
비춰주는 special girl
눈부신 네 모습에 나는 Whow
꼭 숨이 멎을 것만 같아
oh my love 널 알고 싶어
You're my babe
cause you're my girl
You're my lady
cause you're my love
You're my babe
cause you're my girl
oh my love 널 알고 싶어"
사랑	미쳤나봐 (Feat. 정성하)	"One of a kind girl
조심해 네 주위 남자들
다 너를 귀여워해
나를 비롯해 몇몇 사람들은 충격
너의 그 자체가 아무거나 해도
다 용서돼 부끄러 하지 마
손 하면 담길 듯
작은 얼굴에 다 들어있는
눈 코 입 빨개지는
볼은 포인트
못생겼다는 거짓말
그 말은 아무도 믿지 않아
널 설레이게 할 수 있는 게
대체 뭐야
미쳤나봐
네 생각이 또 났다
뒤에 나온 말
네가 매일 꿈에 나와
널 사랑한다고
미쳤나봐
나 뻔한 말이지 않아
빨주노초파남보
무지개색 빛을 줘 내게
거짓말처럼
시계만 보던 내 전화긴
자꾸 알림이 떠
이제 네 소식을
너에게 들을 수 있어
당기는 법을 알아 넌
잊지 않을게 재지 말란 말
너도 잘못은 있어
퍽 하면 웃다가
내 팔에 얼굴을 묻히면서
또 눈은 왜 이렇게도 예뻐
못생겼다는 거짓말
그 말은 절대로 믿지 않아
널 설레이게 할 수 있는 게
대체 뭐야
미쳤나봐
네 생각이 또 났다
뒤에 나온 말
네가 매일 꿈에 나와
널 사랑한다고
미쳤나봐
나 뻔한 말이지 않아
빨주노초파남보
무지개색 빛을 줘 내게
해 주고 싶은
얘기가 많아 나
네 생각 또 네 생각
네 생각에 난 하루를 살아
오늘이 지나면
못 할 말들인데
잠깐
미쳤나봐
미쳤나봐
미쳤나봐
미쳤나봐
미쳤나봐
네 생각이 또 났다
뒤에 나온 말
네가 매일 꿈에 나와
널 사랑한다고
미쳤나봐
나 뻔한 말이지 않아
빨주노초파남보
무지개색 빛을 줘 내게
미쳤나봐
미쳤나봐 난
미쳤나봐
미쳤나봐
미쳤나봐
나 뻔한 말이지 않아
빨주노초파남보
빨주노초파남보
빨주노초파남보
무지개색 빛을 줘 내게"
사랑	실례해도 될까요	"늦은 하룰 시작하는
나를 깨우는 커피 그 쓴맛
항상 그 자리에 앉아
무심한 시선 툭 하니 들어온 그대
저 테이블 위에 놓인 향이 궁금해져
무거운 눈꺼풀 지루한 일상에
들린 카페 in
저기 눈길이 향하는
사람과 첫눈에 빠질 상상 속에 설레
어떤 생각을 할까 마주친 표정 위로
뭘 좋아할까 나와 같은 마음일까
내가 먼저 더 다가 가볼까
그러다가 멀어질까
무슨 말이 좋을까
이런 말은 어떨까
그저 삼킨 말 실례해도 될까요 나
창문에 비친 화장기 없는 얼굴이
왠지 별로 같아 하필 이런 날에
푹 눌러쓴 모자에
늘어난 청바지 바랜 티셔츠
이상할까 봐 말을 건넨다면
불편할지 몰라
어떤 말이 좋을까 마주친 틈 사이로
뭘 좋아할까 이런 나도 괜찮을까
한 걸음만 더 다가 가볼까
그러다가 멀어질까
무슨 말을 건넬까
이런 말은 어떨까
그저 삼킨 말 실례해도 될까요 나
알 수 없는 이 시간 지나 그대로
스쳐 갈 사이 된다면
인연이 아닌 이대로
지나치는 수많은 거리 속에서
널 마주하긴 싫어
지금 이 순간 다 보이고 싶어
네 마음에 닿을 수 있게
날 좋아할까 나와 같은 마음일까
너와 내가 더 가까워져서
우리가 될 수 있을까
지금이 딱 좋을까
지금이 딱 좋을까
서로 건넨 말 실례해도 될까요 나
그날부터
실례하게 됐죠 우리"
이별	밤편지	"이 밤 그날의 반딧불을
당신의 창 가까이 보낼게요
음 사랑한다는 말이에요
나 우리의 첫 입맞춤을 떠올려
그럼 언제든 눈을 감고
음 가장 먼 곳으로 가요
난 파도가 머물던
모래 위에 적힌 글씨처럼
그대가 멀리 사라져 버릴 것 같아
늘 그리워 그리워
여기 내 마음속에
모든 말을 다 꺼내어 줄 순 없지만
사랑한다는 말이에요
어떻게 나에게
그대란 행운이 온 걸까
지금 우리 함께 있다면 아
얼마나 좋을까요
난 파도가 머물던
모래 위에 적힌 글씨처럼
그대가 멀리 사라져 버릴 것 같아
또 그리워 더 그리워
나의 일기장 안에
모든 말을 다 꺼내어 줄 순 없지만
사랑한다는 말
이 밤 그날의 반딧불을 당신의
창 가까이 띄울게요
음 좋은 꿈 이길 바라요"
이별	첫눈처럼 너에게 가겠다	"널 품기 전 알지 못했다
내 머문 세상 이토록 찬란한 것을
작은 숨결로 닿은 사람
겁 없이 나를 불러준 사랑
몹시도 좋았다
너를 지켜보고 설레고
우습게 질투도 했던
평범한 모든 순간들이
캄캄한 영원
그 오랜 기다림 속으로
햇살처럼 니가 내렸다
널 놓기 전 알지 못했다
내 머문 세상 이토록 쓸쓸한 것을
고운 꽃이 피고 진 이 곳
다시는 없을 너라는 계절
욕심이 생겼다
너와 함께 살고 늙어가
주름진 손을 맞잡고
내 삶은 따뜻했었다고
단 한번 축복
그 짧은 마주침이 지나
빗물처럼 너는 울었다
한번쯤은 행복하고 싶었던 바람
너까지 울게 만들었을까
모두 잊고 살아가라
내가 널 찾을 테니
니 숨결 다시 나를 부를 때
잊지 않겠다
너를 지켜보고 설레고
우습게 질투도 했던
니가 준 모든 순간들을
언젠가 만날
우리 가장 행복할 그날
첫눈처럼 내가 가겠다
너에게 내가 가겠다"
이별	어디에도	"차가워진 눈빛을 바라보며
이별의 말을 전해 들어요
아무 의미 없던 노래 가사가
아프게 귓가에 맴돌아요
다시 겨울이 시작되듯이
흩어지는 눈 사이로
그대 내 맘에 쌓여만 가네
떠나지 말라는
그런 말도 하지 못하고
고개를 떨구던 뒷모습만
그대 내게 오지 말아요
두 번 다시 이런 사랑 하지 마요
그댈 추억하기보단 기다리는 게
부서진 내 맘이 더 아파와
다시 누군가를 만나서
결국 우리 사랑 지워내도
행복했던 것만 기억에 남아
나를 천천히 잊어 주기를
아무것도 마음대로 안 돼요
아픔은 그저 나를 따라와
밤새도록 커져 버린 그리움
언제쯤 익숙해져 가나요
많은 날들이 떠오르네요
우리가 나눴던 날들
애써 감추고 돌아서네요
떠나지 말라는
그런 말도 하지 못하고
고개를 떨구던 뒷모습만
그대 내게 오지 말아요
두 번 다시 이런 사랑 하지 마요
그댈 추억하기보단 기다리는 게
부서진 내 맘이 더 아파와
다시 누군가를 만나서
결국 우리 사랑 지워내도
행복했던 것만 기억에 남아
나를 천천히 잊어 주기를
부를 수도 없이 멀어진 그대가
지나치는 바람에도 목이 메어와
어디에도 그대가 살아서
우린 사랑하면 안 돼요
다가갈수록 미워지니까
행복했던 것만 기억에 남아
나를 천천히 잊어 가기를
사랑했던"
이별	광화문에서 (At Gwanghwamun)	"넌 어땠는지 아직 여름이 남아
왠지 난 조금 지쳤던 하루
광화문 가로수 은행잎 물들 때
그제야 고갤 들었었나 봐
눈이 부시게 반짝이던 우리 둘은
이미 남이 되었잖아
네 품 안에서 세상이 내 것이었던
철없던 시절은 안녕
오늘 바보처럼 그 자리에 서 있는
거야
비가 내리면 흠뻑 젖으며
오지 않는 너를 기다려
나는 행복했어
그 손 잡고 걷던 기억에 또 뒤돌아
봐
네가 서 있을까 봐
난 모르겠어 세상 살아가는 게
늘 다른 누굴 찾는 일 인지
커피 향 가득한 이 길 찾아오며
그제야 조금 웃었던 나야
처음이었어 그토록 날 떨리게 한
사람은 너 뿐이잖아
누구보다 더 사랑스럽던 네가 왜
내게서 떠나갔는지
오늘 바보처럼 그 자리에 서 있는
거야
비가 내리면 흠뻑 젖으며
오지 않는 너를 기다려
나는 행복했어
그 손 잡고 걷던 기억에 또 뒤돌아
봐
네가 서 있을까 봐
그 자리에서 매일 알아가
조금씩 변해가는 내 모습은
먼 훗날엔 그저 웃어줘
난 행복해
오늘 여긴 그 때처럼 아름다우니
괜히 바보처럼 이 자리에 서 있는
거야
비가 내리면 흠뻑 젖으며
오지 않는 너를 기다려
나는 행복했어
광화문 이 길을 다시 한번 뒤돌아 봐
네가 서 있을까 봐"
이별	너였다면	"왜 너에겐 
그렇게 어려운지 
애를 쓰는 나를 
제대로 봐주는 게 
너 하나에 이토록 
아플 수 있음에 
놀라곤 해 
고단했던 하루 
나는 꿈을 꿔도 아파 
너였다면 어떨 것 같아 
이런 미친 날들이 
네 하루가 되면 말야 
너도 나만큼 혼자 
부서져 본다면 알게 될까 
가슴이 터질 듯 
날 가득 채운 통증과 
얼마나 너를 
원하고 있는지 
내가 너라면 
그냥 날 사랑할 텐데 
내 가슴은 한없이 바닥까지 
나를 둘러싸는 
모든 게 두려워져 
다 사랑에 빠지면 
행복한 거라니 
누가 그래 
뒷모습만 보는 
그런 사랑하는 내게 
너였다면 어떨 것 같아 
이런 미친 날들이 
네 하루가 되면 말야 
너도 나만큼 혼자 
부서져 본다면 알게 될까 
가슴이 터질 듯 
날 가득 채운 통증과 
얼마나 너를 원하고 있는지 
내가 너라면
그냥 날 사랑할텐데
이미 너는 내게
대답한 걸 알아 
대답 없는 대답의 의미
다 알면서도
난 모르는 척 맴도는데
요즘 나는 어떤 줄 아니 
편히 잠을 잘 수도
뭘 삼켜낼 수도 없어
널 바라보다 점점 망가져
가는 날 알긴 할까
죽을 것 같아도
넌 내게 올 리 없대도 
딴 곳만 보는
너란 걸 알아도
그런 너를 난
놓을 순 없을 것 같아"
이별	걱정말아요 그대	"그대여 아무 걱정 하지 말아요
우리 함께 노래 합시다
그대 아픈 기억들 모두 그대여
그대 가슴에 깊이 묻어 버리고 
지나간 것은 지나간 대로
그런 의미가 있죠
떠난 이에게 노래 하세요
후회없이 사랑했노라 말해요
그대는 너무 힘든 일이 많았죠
새로움을 잃어 버렸죠
그대 슬픈 얘기들 모두 그대여 
그대 탓으로 훌훌 털어 버리고
지나간 것은 지나간 대로
그런 의미가 있죠
우리 다 함께 노래 합시다
후회없이 꿈을 꾸었다 말해요
지나간 것은 지나간 대로
그런 의미가 있죠
우리 다 함께 노래 합시다
후회없이 꿈을 꾸었다 말해요
지나간 것은 지나간 대로
그런 의미가 있죠
우리 다 함께 노래 합시다
후회없이 꿈을 꾸었다 말해요
새로운 꿈을 꾸겠다 말해요"
이별	전하지 못한 진심 (Feat. Steve Aoki)	"외로움이 가득히
피어있는 이 garden
가시투성이
이 모래성에 난 날 매었어
너의 이름은 뭔지
갈 곳이 있긴 한지
Oh could you tell me
이 정원에 숨어든 널 봤어
And I know
너의 온긴 모두 다 진짜란 걸
푸른 꽃을 꺾는 손
잡고 싶지만
내 운명인 걸
Don't smile on me
Light on me
너에게 다가설 수 없으니까
내겐 불러줄 이름이 없어
You know that I can't
Show you ME
Give you ME
초라한 모습 보여줄 순 없어
또 가면을 쓰고 널 만나러 가
But I still want you
외로움의 정원에 핀
너를 닮은 꽃
주고 싶었지
바보 같은 가면을 벗고서
But I know
영원히 그럴 수는 없는 걸
숨어야만 하는 걸
추한 나니까
난 두려운 걸
초라해
I’m so afraid
결국엔 너도 날 또 떠나버릴까
또 가면을 쓰고 널 만나러 가
할 수 있는 건
정원에
이 세상에
예쁜 너를 닮은 꽃을 피운 다음
니가 아는 나로 숨쉬는 것
But I still want you
I still want you
어쩌면 그때
조금만
이만큼만
용길 내서 너의 앞에 섰더라면
지금 모든 건 달라졌을까
난 울고 있어
사라진
무너진
홀로 남겨진 이 모래성에서
부서진 가면을 바라보면서
And I still want you
But I still want you
But I still want you
And I still want you"
이별	이 사랑	"시간을 되돌리면
기억도 지워질까
해볼 수도 없는 말들을
내뱉는 걸 알아
널 힘들게 했고
눈물로 살게 했던
미안한 마음에 그런 거야
하지만 난 말야
너의 밖에선 살 수 없어
내겐 너 하나로
물든 시간만이 흘러갈 뿐이야
사랑해요 고마워요
따뜻하게 나를 안아줘
이 사랑 땜에 나는 살 수 있어 
사랑은 그런가봐
무슨 말을 해봐도
채워지지 않은 것 같은
마음이 드나봐
내 욕심이라고
다시 생각을 해봐도
그 마음 쉽게 사라지지 않아
알잖아 난 말야
너의 밖에선 살 수 없어
내겐 너 하나로
물든 시간만이 흘러갈 뿐이야
사랑해요 고마워요
따뜻하게 나를 안아줘
이 사랑 땜에 나는 살 수 있어 
돌아가도 다시 견딜 수 있을까
너무 힘들던 시간들
흔들리지 않은 너를 볼 때면
떨리는 내 입술이
두루루 두루루
알잖아 난 말야
너의 밖에선 살 수 없어
내겐 너 하나로
물든 시간만이 흘러갈 뿐이야
사랑해요 고마워요
따뜻하게 나를 안아줘
이 사랑 땜에 나는 살 수 있어 
사랑 땜에 나는 살 수 있어 "
이별	여보세요	"여보세요 
밥은 먹었니 
어디서 뭐 하는지 
걱정되니까 
Tell me baby where you at 
여보세요 
Call me baby I be there 
Wherever you are I be there 
여보세요 
Pick up the phone girl 
Cuz I gotta be there 
차가 막히는지 
늦을 건가 봐 급한 맘에 
배터리는 또 
깜빡 하셨나 봐 나는 또 
왠지 비가 올 것 같애 
고민을 하다가 너를 좀 더 
빨리 보고 싶은 맘에 
일찍 데릴러 나가 
깜짝 놀라겠지 
날 보면 좋아하겠지 
길이 엇갈리지 
않게 더 달려야겠지 
저 멀리 니 모습 
보이는데 왜 난 
전활 걸어 한다는 
말이 결국엔 
여보세요 밥은 먹었니 
어디서 뭘 하는지 
걱정되니까 
여보세요 
왜 아무 말 못하니 
여보세요 여보세요
널 데릴러 왔어 
비가 올까 봐 
혼자 쓸쓸히 
빗속을 걸을까 봐 
집 앞이야 니가 보여 
누구랑 있나 봐 
솔직히 말 못했어 
그럼 널 잃을까 봐 
나도 알아 내 행동 비겁해 
비겁하다 놀려도 
난 절대 못 가 더는 
이런 내 맘 알까 너는 
네게 가는 길이 
내게 왜 지옥행 
같이 느껴져야 되는건지 
이건 말이 안돼 
니 외로움 달래 준건 난데 
어서 말해 제발 
아무 사이 아니라고 
왜 난 안돼 한 번 해봐 
아무 말이라도 
지금 너 거기서 뭐하니 
지금 널 멀리서 멍하니 
바라보는 내가 
느껴지지 않니 
하고픈 말은 다 내일 해 
미안하단 말도 내일 해 
자꾸 어딜 봐 바로 여기가 
니가 있어야 할 자린데 
여보세요 밥은 먹었니
어디서 뭘 하는지 
걱정되니까
여보세요 
왜 아무 말 못하니
여보세요 여보세요
널 보고 싶었어 
비가 오니까 비가 내리니까
너와 걷던 거리를 
걷다 보니까 죽겠으니까
집 앞이야 보고 싶어 
너는 아닌가 봐
솔직히 미치겠어 
너 아님 안되나 봐
Baby I can’t let you go 
밥은 먹었니
I only think about you girl 
What would I be without you girl 
어디서 뭐 하는지
Don’t tell me lies 
Don’t say goodbye 
I just wanna let you know 
왜 아무말 못하니
I only think about you girl 
What would I be without you girl
What would I be without you girl
여보세요"
이별	Fine	"찢어진 종잇조각에 
담아낸 나의 진심에
선명해져 somethin' bout you
Yeah 나를 많이 닮은 듯 다른
넌 혹시 나와 같을까 지금
괜한 기대를 해
하루 한 달 일 년쯤 되면
서로 다른 일상을 살아가
나는 아니야
쉽지 않을 것 같아
여전하게도 넌 내 하루하루를 채우고
아직은 아니야
바보처럼 되뇌는 나
입가에 맴도는 말을 삼킬 수 없어
It’s not fine
Ah- Ah- Ah- Ah- 
It’s not fine
머릴 질끈 묶은 채
어지러운 방을 정리해
찾고 있어 somethin' new
가끔 이렇게 감당할 수 없는
뭐라도 해야 할 것만 같은 기분에
괜히 움직이곤 해
하루 한 달 일 년 그 쯤이면
웃으며 추억할 거라 했지만
나는 아니야
쉽지 않을 것 같아
여전하게도 넌 내 하루하루를 채우고
아직은 아니야
바보처럼 되뇌는 나
입가에 맴도는 말을 삼킬 수 없어
It’s not fine
Ah- Ah- Ah- Ah- 
It’s not fine
의미 없는 농담 주고받는 대화
사람들 틈에 난 아무렇지 않아 보여
무딘 척 웃음을 지어 보이며
너란 그늘을 애써 외면해보지만
우리 마지막
그 순간이 자꾸 떠올라
잘 지내란 말이 전부였던 담담한 이별
아직은 아니야
바보처럼 되뇌는 그 말
입가에 맴도는 말을 삼킬 수 없어 
It’s not fine
Ah- Ah- Ah- 
It’s not fine
Ah- Ah- Ah- 
It’s not fine"
이별	My Way	"흐르는 물결이
내 발목에 감겨 나가면 
깊은 곳에 숨겨둔 아픈 기억
모두 살아나고
어디에 기대 살아갈까 
나를 스쳐가는 
그 모든 것들이 상처인데
그댈 그린 밤들이
내게 욕심이란 걸 맘 아프게 알아 
나를 택한 운명이
행여 그댈 맴돌아 붙잡지 못하게 
이제 그대 곁에서 떠나가 
내뱉는 숨마다
가시 돋친 고통이어서 
깊은 곳에 숨겨둔 사랑 또한
그저 지워 내고
어디에 기대 살아갈까 
나를 스쳐가는 
그 모든 것들이 상처인데
그댈 그린 밤들이
내게 사치라는 걸 맘 아프게 알아 
나를 택한 운명이
행여 그댈 맴돌아 붙잡지 못하게 
이제 그대 곁에서 떠나가
언젠가 그대 곁에 
다시 돌아갈 수 있다면
그때가 언제라도 
나를 잊지 않았다면 
그댈 그린 날들이
내게 마지막 남은 기쁨이었단 걸 
내가 택한 운명이
다른 무엇이 아닌 그대뿐이라는 걸
이제 그대 곁에서 영원히"
이별	"모든 날, 모든 순간 (Every day, Every Moment)"	"네가 없이 웃을 수 있을까
생각만 해도 눈물이나
힘든 시간 날 지켜준 사람
이제는 내가 그댈 지킬 테니
너의 품은 항상 따뜻했어
고단했던 나의 하루에
유일한 휴식처
나는 너 하나로 충분해
긴 말 안 해도 눈빛으로 다 아니깐
한 송이의 꽃이 피고 지는
모든 날 모든 순간 함께해
햇살처럼 빛나고 있었지
나를 보는 네 눈빛은
꿈이라고 해도 좋을 만큼
그 모든 순간은 눈부셨다
불안했던 나의 고된 삶에
한줄기 빛처럼 다가와
날 웃게 해준 너
나는 너 하나로 충분해
긴 말 안 해도 눈빛으로 다 아니깐
한 송이의 꽃이 피고 지는
모든 날 모든 순간 함께해
알 수 없는 미래지만
네 품속에 있는 지금 순간 순간이
영원 했으면 해
갈게 바람이 좋은 날에
햇살 눈부신 어떤 날에 너에게로
처음 내게 왔던 그날처럼
모든 날 모든 순간 함께해"
이별	비가 오는 날엔	"세상이 어두워지고
조용히 비가 내리면
여전히 그대로
오늘도 어김없이 난
벗어나질 못하네
너의 생각 안에서
이제 끝이라는 걸 알지만
미련이란 걸 알지만
이제 아닐 걸 알지만
그까짓 자존심에 
널 잡지 못했던 내가
조금 아쉬울 뿐이니까
비가 오는 날엔 나를 찾아와
밤을 새워 괴롭히다
비가 그쳐가면 너도 따라서
서서히 조금씩 그쳐가겠지
취했나 봐 
그만 마셔야 될 것 같애
비가 떨어지니까 
나도 떨어질 것 같애
뭐 네가 보고 싶다거나 
그런 건 아냐
다만 우리가 가진 시간이 좀
날카로울 뿐
네가 참 좋아했었던 이런 날이면
아직 너무 생생한 
기억을 꺼내놓고
추억이란 덫에 
일부러 발을 들여놔
벗어나려고 발버둥조차 
치지 않아
이제 너를 다 지워냈지만
모두 다 비워냈지만
또다시 비가 내리면
힘들게 숨겨놨던 
너의 모든 기억들이
다시 돌아와 널 찾나 봐
비가 오는 날엔 나를 찾아와
밤을 새워 괴롭히다
비가 그쳐가면 너도 따라서
서서히 조금씩 그쳐가겠지
너에게로
이젠 돌아갈 길은 없지만
지금 행복한 너를 보며
난 그래도 웃어볼게 
널 잡을 수 있었던
힘이 내겐 없었으니까
비가 오는 날엔 나를 찾아와
밤을 새워 괴롭히다
비가 그쳐가면 너도 따라서
서서히 조금씩 그쳐 가겠지
어차피 끝나버린 걸 이제 와
어쩌겠어
뒤늦게 후회나 하는 거지 
덜떨어진 놈처럼
비는 항상 오니까 
계속 반복되겠지
그치고 나면 그제서야 
나도 그치겠지
비는 항상 오니까 
계속 반복되겠지
그치고 나면 그제서야 
나도 그치겠지"
이별	Love Blossom (러브블러썸)	"입안에서
바람 맛이
달콤한 아침
새하얀
이불위로 닿는
햇살이 좋아
설레는
전화 벨소리
그대 인가요
설탕 한 스푼 담긴 소리
hello hello
봄이 와
이 거리 위에
봄이 와
나의 가슴속에
왜 이리 나
들뜨나 몰라
oh
팝콘 같은 꽃잎이
저 높이 날아요
사랑한다 말하면
난 정말 녹아요
오늘 같은 바람이 불면
하루 종일 미치겠어
그대가
아른아른 거려서
향기로운
봄 바람이
나풀거리고
두 볼에 앉은
햇살마저
완벽한걸요
새하얗게 춤을 추는
꽃잎을 보며
그대와 둘이
걷다 보면
uh huh
ah ha
봄이 와
이 거리 위에
봄이 와
우리 둘 사이에
설레임이
피어 올라요
oh
팝콘 같은 꽃잎이
저 높이 날아요
사랑한다 말하면
난 정말 녹아요
오늘 같은 바람이 불면
하루 종일 미치겠어
그대가
아른아른 거려서
꿈에서 봤던
거리가 여기인가요
그대와 나란히
걷는 모든 곳이
아름다워
난 있잖아요
그대를 볼 때마다 놀라
더 아름다울 수 없는
그대여
따사로운 봄빛에
사랑이
녹아요
살랑대는 바람에
사랑이
불어요
오늘 같은 바람이 불면
제일 먼저
떠올라요
그대만
팝콘 같은
꽃잎이
저 높이 날아요
사랑한다
말하면
난 정말 녹아요
오늘 같은 바람이 불면
하루 종일 미치겠어
그대가
아른아른 거려서
그대가
나의 봄이죠"
이별	세 사람 (With 성시경)	"많은 사람들 분주한 인사
우리 모두 모인 게 얼마 만인 건지
하얀 드레스
멋있어진 녀석
정말 잘 어울려
오랜 내 친구들 축하해
기억나는지 우리 처음 만난 날
새로운 꿈 시작된 3월의 캠퍼스
어쩌면 그때 나는 알았나 봐
너 때문에 웃고 울게 될 나를
스무살
그 시절
우리 여름날의 멜로디
가슴속에 늘 숨 쉬는 풍경 하나
내 친구 처음 소개하던 날
뭔가 달라 보이던 너의 표정
넌 시작이었나 봐
둘만의 비밀이
닮아있는 말투가
친구라는 슬픈 말이
날 멈추게 만들어
말할 수 없는 나의 고백
용길 낼 수 없던 수많은 날
너의 연인은 내 오랜 친구
축복의 노래 꽃잎 흩날리면
눈부신 너의 모습 얼마나 예쁠까
매일 연습했던 말 이젠 안녕
스무살
그 시절
우리 여름날의 멜로디
아직 우릴 지켜준 나만의 약속
술 취해 혼자 비틀대던 밤
우리 셋 우정 지켜내잔 약속
내겐 사랑이었음을
둘만의 비밀이
닮아있는 말투가
친구라는 슬픈 말이
날 멈추게 만들어
말할 수 없는 나의 고백
용길 낼 수 없던 수많은 날
너의 연인은 내 오랜 친구
너에게 하고 싶은 말 넘쳐흐르는데
너만 보면 내 맘 춤을 추는데
모르는 사이 베어버린 상처가
널 보면 자꾸 아파
저 문이 열린다 그녀가 들어온다
난 고개를 들 수 없어
이렇게 좋은 날에
웃을 수밖에 없는 사람
언제나 날 반기는 두 사람
남겨진 나의 사랑
오 나의 청춘이 멀어진다
두 손 꼭 잡은 채로
그토록 원했던 오늘을
내 소중한 그녀의 내일을
나의 오랜 친구여 부탁해"
기분전환	Power Up	"Ba-banana Ba-ba-banana-nana
Ba-banana Ba-ba-banana-nana
Ba-banana Ba-ba-banana-nana
Ba-banana Ba-ba-banana-nana
Oh 아무것도 안 했는데
왜 시간은 벌써 3시
아이스 아메리카노 마셔도 왜
더 후끈후끈하니
태양은 우릴 놀리고
아스팔트 온도 50도 Wow
원해요 에너지
차갑거나 아예 뜨겁게
Summer Magic
반짝인 그 Ocean 위로
난 벌써 날아
Go Go 에어플레인
번개처럼 날아라
카우아이 파도 속 나를 던져 버리게
이예이예 이예이예이예이예
Let’s power up
까맣게 다 타버릴 거예요
Ba-banana Ba-ba-banana-nana
Ba-banana Ba-ba-banana-nana
Ba-banana Ba-ba-banana-nana Ba
Let’s power up
놀 때 제일 신나니까요
Oh 좋아하는 걸 원해봐요
I want it I want it
want it want it yeah
매일 그대 열정은 타오르죠
I’ll take it I’ll take it
take it take it yeah
그런 게 우리의 천재적인 파워야
즉흥적 본능적 맞아 그게 필요해
떠나요 오늘 밤
짜릿함을 찾으러 레벨업
엔진 소리 들뜬 맘의
백그라운드 뮤직 봐
벌써 날아
Go Go
에어플레인 태양 위로 날아라
Diving to the sky
완전 소름 돋았어
이예이예 이예이예이예이예
Let’s power up
까맣게 다 타버릴 거예요
Go Go 에어플레인
번개처럼 날아라
카우아이 파도 속 나를 던져 버리게
이예이예 이예이예이예이예
Let’s power up
까맣게 다 타버릴 거예요
Ba-banana Ba-ba-banana-nana
Ba-banana Ba-ba-banana-nana
Ba-banana Ba-ba-banana-nana Ba
Let’s power up
놀 때 제일 신나니까요
선생님은 내게 말씀하셨죠
놀 때도 일할 때도 즐겁게 해
그래 난 유달리 반짝거렸죠
뜨거움도 새로움도 It’s mine
Go Go 에어플레인
번개처럼 날아라
카우아이 파도 속 나를 던져 버리게
이예이예 이예이예이예이예
Let’s power up
까맣게 다 타버릴 거예요
Go Go 에어플레인
태양 위로 날아라
Diving to the sky
완전 소름 돋았어
이예이예 이예이예이예이예
Let’s power up
까맣게 다 타버릴 거예요
Ba-banana Ba-ba-banana-nana
Ba-banana Ba-ba-banana-nana
Ba-banana Ba-ba-banana-nana Ba
Let’s power up
놀 때 제일 신나니까요"
기분전환	Dance The Night Away	"라라라라라라라 라라라라라라라
You and me in the moonlight
별 꽃 축제 열린 밤
파도 소리를 틀고 춤을 추는 이 순간
이 느낌 정말 딱야
바다야 우리와 같이 놀아
바람아 너도 이쪽으로 와
달빛 조명 아래서 너와 나와 세상과
다 같이 Party all night long yeah
it’s good
If you wanna have some fun
짭짤한 공기처럼 이 순간의 특별한
행복을 놓치지마
One two three let’s go
저 우주 위로 날아갈 듯 춤추러 가
Hey Let’s dance the night away
Let’s dance the night away
One two three let’s go
저 바다 건너 들릴 듯 소리 질러
let’s dance the night away
Dance the night away
Let’s dance the night away
Dance the night away
Let’s dance the night away
You and me in this cool night
미소 짓는 반쪽 달
그 언젠가 너와 나 저 달 뒷면으로 가
파티를 열기로 약속
yeah it’s good
If you wanna have some fun
은빛 모래알처럼 이 순간의 특별한
행복을 놓치지 마
One two three let’s go
저 우주 위로 날아갈 듯 춤추러 가
Hey Let’s dance the night away
Let’s dance the night away
One two three let’s go
저 바다 건너 들릴 듯 소리 질러
let’s dance the night away
오늘이 마지막인 듯
소리 질러 저 멀리
끝없이 날아오를 듯
힘껏 뛰어 더 높이
오늘이 마지막인 듯
소리 질러 저 멀리
쏟아지는 별빛과
Let’s dance the night away
Let’s dance the night away
One two three let’s go
저 바다 건너 들릴 듯 소리 질러
let’s dance the night away
Let’s dance the night away
Dance the night away
Dance the night away
Dance the night away
Let’s dance the night away"
기분전환	여행	"저 오늘 떠나요 공항으로
핸드폰 꺼 놔요
제발 날 찾진 말아줘
시끄럽게 소리를 질러도
어쩔 수 없어 나
가볍게 손을 흔들며 bye bye
쉬지 않고 빛났던 꿈같은
my youth
이리저리 치이고 또 망가질 때쯤
지쳤어 나 미쳤어
나 떠날 거야 다 비켜
I fly away
Take me to London
Paris New York city들
아름다운 이 도시에 빠져서 나
Like I'm a bird bird
날아다니는 새처럼
난 자유롭게 fly fly
나 숨을 셔
Take me to new world anywhere
어디든
답답한 이 곳을 벗어 나기만 하면
Shining light light
빛나는 my youth
자유롭게 fly fly
나 숨을 셔
저 이제 쉬어요 떠날 거예요 
노트북 꺼 놔요
제발 날 잡진 말아줘
시끄럽게 소리를 질러도
어쩔 수 없어 나
가볍게 손을 흔들며 see ya
쉬지 않고 빛났던 꿈같은
my youth
이리 저리 치이고 또 망가질 때쯤
지쳤어 나 미쳤어
나 떠날 거야 다 비켜
I fly away
Take me to London Paris
New York city들
아름다운 이 도시에 빠져서 나
Like I'm a bird bird
날아 다니는 새처럼
난 자유롭게 fly fly
나 숨을 셔
Take me to new world anywhere
어디든
답답한 이 곳을 벗어 나기만 하면
Shining light light
빛나는 my youth
자유롭게 fly fly
나 숨을 셔
I can fly away
Fly always always always
Take me to new world anywhere
어디든
답답한 이 곳을 벗어 나기만 하면
Shining light light
빛나는 my youth
자유롭게 fly fly
나 숨을 셔"
기분전환	Forever Young	"떠나지 마 just stay 
지금 이 시간을 멈춘 채 
너와 함께라면 난 
I could die in this moment 
Forever young 
Forever young 
Forever young 
Forever young
너의 눈에 비친 나의 모습이 
늘 처음 만난 그 날만 같길
소리 없이 타오르는 불꽃같이 
마지막처럼 내 입 맞추길
달빛 아래 내 마음은 설레 
은하수로 춤추러 갈래 
let’s go 
지금 let go 
오늘이 가도 후회 없게 
시간이 우리 둘을 떼어 놓을 수 없게 
순간이 영원할 수 있게 
넌 내 마음에 불을 질러줘 
후회 없는 젊음이 타오르게 
지금처럼 너와 함께라면 
tonight 
I could die in this moment 
Forever young 
Forever young 
Forever young 
Forever young 
매일매일 밤 밤 
이 노래를 불러 불러 
Know we got that bomb bomb 
Come again come again 
Forever young boy 
so we ride or die 
끝이 없을 것처럼 달려 너와 나 
붉은 sunset 아래 
너는 지금 내 옆에 
Pinked out or murdered out 
like it ain’t no thing 
다 필요 없어 주인공은 우리 
Say life’s a bish 
But mine’s a movie 
내 Diamond처럼 
we’ll shine together 
Whenever wherever 
forever ever ever 
짜릿하게 더 위험하게 
세상 저 끝까지 가볼래 
let’s go 
지금 let go 
오늘이 가도 후회 없게 
시간이 우리 둘을 떼어 놓을 수 없게 
순간이 영원할 수 있게 
넌 내 마음에 불을 질러줘 
후회 없는 젊음이 타오르게 
세상 무엇도 두렵지 않아 
tonight 
I could die in this moment 
Forever young
달이 뜨고 별이 뜨면 
춤추는 body 
끝이 없이 달려보자 
we like to party 
달이 뜨고 별이 뜨면 
춤추는 body 
끝이 없이 달려보자 
we like to party 
Girls wanna have some fun 
We go dumb dumb dumb 
Girls wanna have some fun 
What you want want want 
Girls wanna have some fun 
We go dumb dumb dumb 
Girls wanna have some fun 
We ain’t done done done 
Whatta bum bum whatta bum bum 
Whatta bum bum whatta bum bum 
Whatta bum bum whatta bum bum 
Whatta bum bum whatta bum bum 
Whatta bum bum whatta bum bum 
Whatta bum bum whatta bum bum 
Whatta bum bum whatta bum bum
Whatta bum bum whatta bum bum"
기분전환	Loving U (러빙유)	"Hey 참 이상해 정말 strange
이런 적 없었는데 널 볼때마다
나 두근두근 떨리는게
When I see your face 
혼자 막 상상을 해
나 표정 관리 안돼 미칠 것 같아 
또 니가 니가 보고 싶어서
I wanna say woo woo woo woo yeh
너 때문에 그래 먼저 말하긴 
싫은데 내 입가에 맴돌아
Loving U U 나 어떡해 
what should I do
조절이 안돼 내 맘 고장 나버린 
heart 정신 못 차릴 만큼
Boy I'm falling in love with U U
나 어떡해 what should I do
널 놓치면 난 안돼 사랑한다고
Woo woo woo woo woo
Woo woo woo woo woo woo
Baby I'm in love with you
ok let's talk about love 
모두 휘파람을 불며
어머나 나를 꼬시려고 했던 남자들 
이젠 모두 안녕
내 애교섞인 목소리는 
오빠만 부를래 오빠야
어쩌면 좋아 내가 사랑에 빠졌나 봐
Woo woo woo woo yeh
너 때문에 그래 먼저 말하긴 싫은데
내 입가에 맴돌아
Loving U U 나 어떡해 
what should I do
조절이 안돼 내 맘 고장 나버린 
heart 정신 못 차릴 만큼
Boy I'm falling in love with U U
나 어떡해 what should I do
널 놓치면 난 안돼 사랑한다고
Woo woo woo woo woo
Woo woo woo woo 
Baby I'm in love with you
애타는 내 맘 너무 기나긴 밤 
숨겨왔던 너를 향한 말 사랑해
Baby I’m in love with U U
나 어떻게 해 What should I do
조절이 안돼 내 맘 고장 나버린 
heart 정신 못 차릴 만큼
Boy I'm falling in love with U U
나 어떡해 what should I do
널 놓치면 난 안돼 사랑한다고
Woo woo woo woo woo
Woo woo woo woo woo woo
Baby I'm in love with you
Hello Hello 눈이 마주치면 L. O. 
L. O. V. E 나는 말해
멜로 멜로 우린 L. O. L. O. V. E. 
L. O. L. O. V. E
I'm only think about U "
기분전환	BAAM	"Bae Bae Bae BAAM BAAM 
Bae Bae Bae BAAM BAAM 
자꾸 어지러워 
생각지도 못한 네가 
훅 훅 훅 들어와 BAAM 
BAAM
나를 흔들어 
무심하게 던진 말에 
Pick Pick Pick 쓰러져 BAAM 
BAAM
영혼 없는 듯 
들었다
차가운 말투 
놨다
네가 보는 
No Doubt
시선에 
No Doubt
나는 없고 
굳이 왜 굳이 왜 굳이 왜 굳이 왜
선을 긋는 듯 
이랬다
벽을 치던 
저랬다
그런 네가 어떻게 
oh 네가 어떻게 why
네 눈을 본다 눈을 본다 
눈을 본다 우우우 
빠져든다 빠져든다 
난 우 우우우
눈을 감아도 자꾸만 보여 
어떻게 해 
Baby Tell Me Why
널 보면 뛰는 마음 마음 마음 
생각나 매일 밤 밤 밤 
자꾸 oh 내가 왜 이래 베베
갈수록 더 숨길 수 없는 
마음 마음 마음 
널 보면 자꾸 이렇게 또 
oh 내가 왜 이래 베베 베베 베베
Bae Bae Bae BAAM BAAM 
Bae Bae Bae BAAM BAAM 
네가 날 보니까 나도 널 보잖아 
뚜루루뚜 삐비빅 신호를 보내잖아
Eh-eh 동공이 흔들려 
Hmm-hmm 심박이 빨라져 
Ya-ah 네가 날 보니까 BAAM
관심 없는 듯 
조였다
짧은 네 말투 
풀었다
갑자기 분위기는 
No Doubt 
No Doubt
싸늘하게 
굳이 왜 굳이 왜 굳이 왜 굳이 왜
벽을 치는 듯 
밀었다
선을 긋던 
당겨
그런 너를 어떡해 
oh 너를 어떡해 Why
내 눈을 본다 눈을 본다 
눈을 본다 우우우 
빠져든다 빠져든다 넌 우 우우우
꿈속에서도 자꾸만 보여 어떻게 해 
Baby Tell Me Why
널 보면 뛰는 마음 마음 마음 
생각나 매일 밤 밤 밤 
자꾸 oh 내가 왜 이래 베베
갈수록 더 숨길 수 없는 
마음 마음 마음 
널 보면 자꾸 이렇게 또 
oh 내가 왜 이래 베베 베베 베베
한순간에 BAAM 
날 내려놓게 하는 
Baby You u u u u u
갑자기 BAAM 
정신없게 흔들어대는 
You u u u u u
널 보면 뛰는 마음 마음 마음 
생각나 매일 밤 밤 밤 
자꾸 oh 내가 왜 이래 베베
갈수록 더 숨길 수 없는 
마음 마음 마음 
널 보면 자꾸 이렇게 또 
oh 내가 왜 이래 베베 베베 베베
Bae Bae Bae BAAM BAAM 
Bae Bae Bae BAAM BAAM "
기분전환	달빛바다	"Yeah It's summer
어디라도 좋아 
Falling love
오늘은 기어코 어디든지 가보자
이 여름 다 가기 전에 워우예에
물결이 들리고 
풀이 많은 곳이 어때
솔직히 너랑은 어디라도 난 좋아
달빛바다 닮은 저 하늘
조각배처럼 예쁜 저 별들 
Only for you
달빛 한 스푼
별빛 두 방울을
우리 추억에 담는 이 여름 
달빛바다
Hey You
Just a feeling
Just a dreaming
바람을 따라서 가는거야 
All right
내일은 기어코 다른 데서 눈 뜨자
젤 먼저 해 뜨는 데서 
워우예에 어어어
부서진 파도에 무지개도 볼지 몰라
솔직히 너랑은 무얼 봐도 난 좋아
달빛바다 닮은 저 하늘
조각배처럼 예쁜 저 별들 
Only for you
달빛 한 스푼
별빛 두 방울을
우리 추억에 담는 이 여름 
달빛바다
Beautiful moon night
시원한 바다로 함께
떠나 보는건 어때 Yes
너와 함께라면 OK
내년 여름에도 우린 함께일거야
두 손을 꼭 잡고 
오늘 얘길 나누게 될 걸
물빛하늘 닮은 저 바다
구름같은 파도가 밀려와 
Only for you
여름마다 쌓인 추억들이
걸음마다 밟히는 이 여름 
달빛바다"
기분전환	빨간 맛 (Red Flavor)	"빨간 맛 궁금해 Honey
깨물면 점점 녹아든 스트로베리 그 맛
코너 캔디 샵 찾아 봐 Baby
내가 제일 좋아하는 건 여름 그 맛
야자나무 그늘 아래 졸고 싶고
뜨거운 여름밤의 바람은 불고
너무 쉽게 사랑 빠져 버릴 나인틴
우린 제법 어울리고 또 멋져
좋아 첫눈에 반해 버린
네가 자꾸만 생각나
내 방식대로 갈래
빨간 맛 궁금해 Honey
깨물면 점점 녹아든 스트로베리 그 맛
코너 캔디 샵 찾아 봐 Baby
내가 제일 좋아하는 건 여름 그 맛
일곱 개의 무지갯빛 문을 열어
너의 세상은 짜릿해 멋있어
태양보다 빨간 네 사랑의 색깔
내가 가질래 내 멋대로 할래
날 봐 넌 뭘 생각하는데
오늘 뭘 할 수 있을까
내 맘대로 상상해
빨간 맛 궁금해 Honey
깨물면 점점 녹아든 스트로베리 그 맛
코너 캔디 샵 찾아 봐 Baby
내가 제일 좋아하는 건 여름 그 맛
복숭아 주스 스윗 앤 사워 믹스 Mood 
네게 주고픈 칵테일을 Brew RED
귓속이 쨍 코가 맹
상상 그 이상 기분 Up and bang RED
Bet you wanna 
bet you wanna dance like this
외쳐보자 좋아해요 솔직히
긴장해 땀이 뚝뚝 귀엽지
사랑에 빠져 그을려 우린 RED RED Ah
말 안 해도 알아주면 안 돼
내 맘은 더 커져 가는데
다 흘려버린 아이스크림같이
이러다 녹을지 몰라
그러니 말해 그래 그래 말해 
그러니 말해 그래 그래 말해 
너의 색깔로
날 물들여줘 더 진하게 강렬하게
빨간 맛 궁금해 Honey
깨물면 점점 녹아든 스트로베리 그 맛
코너 캔디 샵 찾아 봐 Baby
내가 제일 좋아하는 건 여름 그 맛
내가 제일 좋아하는 건 여름의 너"
기분전환	파도	"눈이 부시게 아름답던 바다 
나의 눈속엔 
그 보다 더 고운 너였어 
하얀 모래 위 
너와 내가 남긴 추억들 
파도가 떠나도 
내겐 지워지지 않는걸 
너를 보내고 
나 또 다시 찾은 바닷가 
하지만 이제 내곁에 
다른 사람 있는걸 
새롭게 시작하고 싶어 
그녀를 따라 왔어 
하지만 내 맘 니 모습만 생각이 나 
그녀 머리에 쏟아진 별빛들 
그 별빛아래 약속한 
지난 날이 떠올라 워 
흔들리는 나의 마음을 
가눌 길 없는 내 눈빛 
너와 비슷한 
사람 마저 쫓고 있었어 
Oh oh 그 순간 내 두 눈 속에 
너무 익숙했던 너의 뒷모습 
그렇게 그리던 
지난날 바로 너였어 
눈이 부시게 아름다운 바닷가 
나의 눈 속엔 그보다 고운 너였어 
하얀 내 맘에 지난날 
우리가 남긴 추억들 
파도가 안기듯 
다시 네게 돌아 오는걸 
나와 마주친 당황한 니 얼굴 
하지만 너의 곁에도 
다른 누가 있는걸 워 
너를 안고싶은 내 가슴 
널 붙잡고픈 내 손길 
허나 넌 이미 
나를 둔채 멀어져갔어 
Oh 하지만 널 돌아본 순간 
두 눈에 흐르던 니 눈물 때문에 
꼭 나처럼 기다린 
너란걸 알았어 날 봐 
다시 너에게 달려가는 나를 봐 
찌는 태양도
내 사랑을 가릴순 없어
하얀 모래 위
우리의 사랑을 다시 새겨봐
이제는 내 사랑
너를 놓지 않을 테니까"
기분전환	Darling	"요즘 연인들은
kiss하고 시작한대 사랑을
어리숙하고 난
낯을 가리는데 사람을
내 틀 안에 갇혀
매일 가짜 같은 진짜 사랑도
I fell in love with you
표현 못했는데 사랑을
나비처럼 내 맘에 날아 앉아
벌처럼 사랑을 톡 쏘니까
달콤한 유혹에 빠져 난
call me your darling darling
나를 녹여줘
슈가 팝 my 롤리팝 소리 칠 거야
call you my darling darling
그댄 달콤해
oh 화끈해 더 뜨겁게 only you
only you only you my only you
슈가 슈가 슈가 너 만이 나의 스타
사랑에 빠진 소재로 노래를 불러볼까
달아 달아 밝아 저 달도 내 맘 알까
슈가 슈가 슈가 달콤해 너무 니가
oh baby 상큼하게 톡톡 soda
pop pop pop
내 목이 따끔하고 간지럽게
my my my
I fell in love with you
빠져들고 싶어 니 안에
나비처럼 내 맘에 날아 앉아
벌처럼 사랑을 톡 쏘니까
달콤한 유혹에 빠져 난
call me your darling darling
나를 녹여줘
슈가 팝 my 롤리팝 소리 칠 거야
call you my darling darling
그댄 달콤해
oh 화끈해 더 뜨겁게 only you
only you
별이 쏟아지는 바닷가 위에
살포시 그대 무릎에
기대 누워 잠들고 싶어
call me your darling darling
나를 녹여줘
슈가 팝 my 롤리팝 소리 칠 거야
call you my darling darling
그댄 달콤해
oh 화끈해 더 뜨겁게 only you
only you only you my only you"
기분전환	1도 없어	"I’m so sick of lying
You gotta know that
잘 지내 잘 지내 잘 지내
day day
Now I’m feeling
일부러 일부러 일부러 baby
I’m a liar
사실 보고 싶단 말에 조금 흔들려
예전처럼 네게 안겨서
꼭 갇히고 싶어
아닌 척을 해
목소리가 떨려도 woo
1도 없어 예전의 느낌
그때의 감정이 단 1도 없어
매일 밤 전화해 맨 정신도 아닌데
1도 없는 진심
so baby bye bye bye
Bye bye bye
1도 없는 진심
so baby bye bye bye
달콤해 달콤해 달콤해
day day
Now I’m feeling
힘들어 힘들어 힘들어 baby
I’m a liar
Do you love me
사실 사랑한단 말이 조금 헷갈려
자꾸 흔들리는
내 모습이 너무 미워져
들키지 않게
뻔한 거짓말을 해 woo
1도 없어 예전의 느낌
그때의 감정이 단 1도 없어
매일 밤 전화해 맨 정신도 아닌데
1도 없는 진심
so baby bye bye bye
Bye bye bye
1도 없는 진심
so baby bye bye bye
솔직히 매일 너의 목소리
기다리고 있어
처음처럼 맘을 훔쳐줘
너무 늦기 전에
1도 없어 예전의 느낌
그때의 감정이 단 1도 없어
매일 밤 전화해 맨 정신도 아닌데
1도 없는 진심
so baby bye bye bye
Bye bye bye
1도 없는 진심
so baby bye bye bye"
기분전환	Roller Coaster	"I remember very first time in love 
I remember oh oh 
I remember oh oh 
너도 같은 기분일까 so I'm in love 
I remember oh oh 
I remember oh 
어머 이래도 되는지 싶어 aha 
그래 너 때문에 매일 즐거워 
조금 서두르는 것 같아도 baby 
I need your love oh oh 
I need your love oh oh oh 
심장이 훅 내려앉게 달콤해 
가끔은 상처받을까 걱정돼 
처음부터 모든 걸 알 순 없겠지 
하지만 난 다 던져볼래 
자꾸 아찔한 이 느낌 
위험한 이 느낌 
내 손을 꼭 잡아줘 I want you 
흔들리지 않게 조금 더 뜨겁게 
나를 꼭 더 안아줘 
넌 롤러코스터 ooh ahh 
롤러코스터 uh woh ahh
I need your love ooh ahh
baby your love uh woh ahh
빤히 바라볼 때 가슴이 떨려
아닌 척 해봐도 뻔히 다 걸려
내가 먼저 말하지 않아도
이미 다 알아
넌 내 맘과 같아 aha
너무 빠른 건 아닐까 싶어 aha
근데 너 때문에 매일 새로워
조금 서툴러도 눈 감아줘 baby
I need your love oh oh
I need your love oh oh oh
시간이 멈춘 것처럼 달콤해
갑자기 날 떠날까 봐 걱정돼
처음부터 모든 걸 알 순 없겠지
하지만 난 다 던져볼래
자꾸 아찔한 이 느낌
위험한 이 느낌
내 손을 꼭 잡아줘 I want you
흔들리지 않게 조금 더 뜨겁게
나를 꼭 더 안아줘
넌 롤러코스터 ooh ahh
롤러코스터 uh woh ahh
I need your love ooh ahh
Baby your love uh woh ahh
어쩌다 찾아온 내 사랑
I love you I love you
모든 게 꿈이 아니기를
I love you I love you
Look
넌 롤러코스터 ooh ahh
넌 롤러코스터 baby
롤러코스터 uh woh ahh
롤러코스터 baby
I need your love ooh ahh
baby I need you love
baby your love uh woh ahh
롤러코스터
롤러코스터"
기분전환	냉면	"차가워 너무나 속이시려 너무나
이빨이 너무시려 냉면 냉면 냉면
가슴이 너무시려 냉면 냉면 냉면
널보면 너무나 또 다시봐도 너무나
차디차 몸이 떨려 냉면 냉면 냉면
찔겨도 너무 찔겨 냉면 냉면 냉면
그래도 널 사랑해

눈부신 햇살이 달콤하게 다가와
새파란 파도가 상큼하게 밀려와
바닷가에서 처음 만난 그때
콩닥 콩닥 난 사랑에 빠졌어
용기내 건낸 부끄러운 한 마디
차갑게 돌아온 황당한 말이
오 이럴수가
어머나 어머나 나 나 아이야
차가워 너무나 속이시려 너무나
이빨이 너무시려 냉면 냉면 냉면
가슴이 너무시려 냉면 냉면 냉면
널보면 너무나 또 다시봐도 너무나
차디차 몸이 떨려 냉면 냉면 냉면
찔겨도 너무 찔겨 냉면 냉면 냉면
그래도 널 사랑해

튕기는 모습에 난 푹 빠져 버렸어
처음엔 몰랐어 그렇게 난 반했어
난난난 그래 정말 난 그래
미쳐 미처 생각지도 못했어
오 바짝 바짝 속이 탄단 말이야
오 그댄 나에게 아베마리아
오 이럴수가
어쩌나 어쩌나 나 나 아이야
차가워 너무나 속이시려 너무나
이빨이 너무시려 냉면 냉면 냉면
가슴이 너무시려 냉면 냉면 냉면
널보면 너무나 또 다시봐도 너무나
차디차 몸이 떨려 냉면 냉면 냉면
찔겨도 너무 찔겨 냉면 냉면 냉면
그래도 널 사랑해"
기분전환	오아시스 (Feat. 이재훈)	"와 여름이다 막 이래 

Here we go now 
어떡해 올 여름 난 너무 바쁜데 
그 어디라도 꼼짝 하지 
못할 것 같아 
수평선 하늘 닿은 푸른 바다가 
너와 날 부르고 있는데 오 
난 정말 괜찮아 이 도시라 해도 
저 높은 빌딩 아래라도 
너만있다면 
시원한 팥빙수를 
함께 나눌수 있다면 
그걸로 충분해 
가로수 그늘 아래 
너와 함께 거닐면 
그 어떤 해변가도 부럽지 않아 
넌 나의 바다야 넌 나의 파도야 
네품에 안기면 
내 안에 파도소리가 들려 
무더운 이 여름에 
복잡한 세상일은 
잠시 다 잊을수도 있을것 같아 
넌 나의 숲이야 넌 나의 나무야 
네 곁에 있으면 
시원한 바람이 느껴져 
모두가 떠나가버린 
한적한 도시에 남아 
너와 나 사랑을 나눠 
yeah come on yo 
넌 왜 젊음이 없소 
너와 난 우리 둘의 웃음꾼 
널 두고 떠나갈 리 없소 
아무리 세계일주라도 
그대 없인 의미 없소 
오직 너만 있으면 되 난 
여기 너가 있어주면 난 
오직 한복판 가운데다 
뚝 하고 떨어져 있어도 
다 괜찮아 
어느새 이 도시에 밤이 내리면 
난 너의 곁에 한손 가득 
팝콘을 들고 
무서운 영화 한편 
함께 즐길 수 있다면 
행복한 밤이야 
놀란척 네 어깨에 
얼굴을 콕 묻으면 
이 밤은 천국보다 아름다운걸 
넌 나의 바다야 넌 나의 파도야 
네 품에 안기면 
내안에 파도소리가 들려 
무더운 이 여름에 
복잡한 세상일은 
잠시 다 잊을 수도 있을것 같아 
넌 나의 숲이야 넌 나의 나무야 
네 곁에 있으면 
시원한 바람이 느껴져 
모두가 떠나가버린 
한적한 도시에 남아 
너와 나 사랑을 나눠 
가슴이 펑하고 나 
난 날아 올라 
어쩔 줄 몰라 
이대로 너만 내곁에 있어준다면 
어디든 난 행복할꺼야 
I Love you "
기분전환	Remember	"DO YOU REMEMBER 
우릴 비추던 태양
넓고 푸른 바다 마치 어제처럼
시간이 멈춰버린 기억 그 속에 
하얀 모래 위를 
함께 걷던 날 기억하나요
잠깐 밀려오는 파도 속에서도 
떨어지지 않았던 YEAH 
하나 둘 셋
어느새 이렇게 점점 
나도 모르게 웃음이 사라져가고
하나 둘 셋
뒤돌아 볼 수도 앞을 
내다볼 수도 없이 
지친 너와 나 이제 
함께 떠나요 시원한 바람 속에 
오늘은 다 잊고 그때 우리처럼 
DO YOU REMEMBER 
우릴 비추던 태양
넓고 푸른 바다 마치 어제처럼 
시간이 멈춰진 듯이 
언제나 바랬듯이
REMEMBER REMEMBER REMEMBER 
붉은 태양이 지는 
그 여름밤을 기억하나요
어둠이 하늘을 덮어올수록 
별은 더 밝게 빛난 걸 YEAH 
하나 둘 셋 
하늘을 모른 채 땅만 
바라보는 게 점점 늘어만 가고
하나 둘 셋 
지금이 낮인지 밤인지도 
모르는 시간 속에 
지친 너와 나 다시 
함께 떠나요 시원한 바람 속에 
오늘은 다 잊고 그때 우리처럼 
DO YOU REMEMBER 
우릴 비추던 태양
넓고 푸른 바다 마치 어제처럼 
시간이 멈춰진 듯이 
언제나 바랬듯이
REMEMBER REMEMBER REMEMBER 
YOU 뭘 아직도 망설여요 
YOU 다 잊고 나와 함께 가요 
저 푸른 바다에 다 던져버려요 
우리 더 늦기 전에 
기억하나요
맘속에 그때가
어제처럼 느껴지는 순간 
DO YOU REMEMBER 
우릴 비추던 태양 
넓고 푸른 바다 마치 어제처럼 
시간이 멈춰진 듯이 언제나 바랬듯이
REMEMBER REMEMBER REMEMBER 
DO YOU REMEMBER "
휴식	그런 날 (Feat. 김호연 of 달 좋은 밤)	"밤하늘 그 아래 모두가 잠든 시간
고요한 도시에 내 마음 숨겼던 날
어른이 된 것 같았던 낮
아이가 돼버리는 밤
지나는 바람도 내리는 소나기도
하나둘 모든 게 너로 다 이어지던 날
길을 걷다가 무심코 또
하늘을 올려보는 날
그날 그 밤 그 달빛 아래서
두 손으로 내가 나를 달래고
다 사라질 거야 모두 지나갈 거야
따스하게 잠든 어느 날처럼
그날 그 밤 그 별빛 아래서
추운 마음까지 다 이불 덮은 날
누구든지 그냥 안아줬으면 해
스쳐가는 그런 날
서랍 속 오래된 편지를 꺼내보다
눌러 쓴 글 속에 내 모습 발견한 날
시간이 멈추면 좋겠다고 생각해
혹시 네 맘도 그렇지 않니
그날 그 밤 그 달빛 아래서
두 손으로 내가 나를 달래고
다 사라질 거야 모두 지나갈거야
따스하게 잠든 어느 날처럼
그날 그 밤 그 별빛 아래서
추운 마음까지 다 이불 덮은 나를
누구든지 그냥 안아줬으면 해
스쳐가는 그런 날 그런 밤
그런 나 또 그런"
휴식	Nostalgia (노스텔지아)	"내가 사랑한 당신은 어땠을까
너를 사랑한 그때의 난 어땠을까
사랑하면 닮는다는 말
나 그대와 같은 향기를 내고싶어
왜 이리 편안한 건지
마치 그대가 내 옆에 있는 것 같이
눈을 감고 포근하게 안아주기를
이 좋은 향기로 날
따뜻하게 감싸 안아주기를
추억이란 향기는 아름답게
가슴에 남아주기를
잠이 오지 않아
지끈거리는 날들 속에
좋은 꿈을 꿀 수 있기를
지난 사진 속에 나는
어떤 표정을 지을까
오래된 편질 꺼내보니
나도 누군가에겐
참 좋은 사람인가봐
왜 이리 편안한 건지
마치 그대가 내 옆에 있는 것 같이
눈을 감고 포근하게 안아주기를
이 좋은 향기로 날
따뜻하게 감싸 안아주기를
추억이란 향기는 아름답게
가슴에 남아주기를
잠이오지 않아
지끈거리는 날들 속에
좋은 꿈을 꿀 수 있기를
이 좋은 향기로 널
따뜻하게 감싸 안아주기를
그대라는 추억은 아름답게
가슴에 남아주기를
잠이 오지 않아
지끈거리는 날들 속에
좋은 꿈을 꿀 수 있기를
좋은 꿈을 꿀 수 있기를"
휴식	Circus	"아주 찬란했고 
빛이 가득해 늘 가득해 Baby 
모두 환호하고 
다시 환호해 우릴 향해 Yeah 
Cause you yeah you 
너의 모습이 너의 웃음이 Yeah 
온 밤 Oh 날 단 꿈에 젖게 할 
눈부신 무대로 이끌어내 
난 인형처럼 너를 향해 웃은 채 
또 한발 한발 아찔함을 참아야 해 
혼자서 이겨내 온 두려움에 
더 밝게 빛난 우리의 Night 
이건 더없이 아름다운 
My circus 
때론 눈앞이 아찔하지만 
위험할수록 달아오를 
My circus 
우린 오늘 밤 얼마나 더 아름다울까 
네게 던질 My heart 
망설임도 없이 
나를 너에게 전부 너에게 Yeah 
힘껏 손 내밀어 날아갈게 너를 향해 
Cause you yeah you 
너의 두 손이 너의 마음이 Yeah 
Oh 날 Oh 날 놓치고 만다면 
환상은 부서져 끝나겠지 
새하얀 옷은 꽃잎처럼 나풀대 
또 살랑살랑 아득하게 피어날 때 
난 구름 위를 걷듯 편안하게 
널 향해 다가갈 테니까 
이건 더없이 아름다운 
My circus 
때론 눈앞이 아찔하지만 
위험할수록 달아오를 
My circus 
우린 오늘 밤 얼마나 더 아름다울까 
네게 던질 My heart 
Say goodnight yeah 
Oh yeah oh yeah 
Say goodnight yeah 
좀 더 널 걸어 봐 
Say goodnight yeah 
이 밤에 이 밤에 Baby 
Say goodnight yeah 
우릴 맡겨봐 Baby 
새하얀 옷은 꽃잎처럼 나풀대 
또 살랑살랑 아득하게 피어날 때 
난 구름 위를 걷듯 편안하게 
널 향해 다가갈 테니까 
이건 더 없이 아름다운 
My circus 
우린 매일 밤 얼마나 더 위태로울까 
유난히 빛날 My heart "
휴식	받는 사랑이 주는 사랑에게	"바람 불면 힘들 텐데
왜 괜찮은 척 버티죠
흔들리면 어때서
가지 같은 두 손 뻗어
낙엽들을 빼앗길까
움켜쥐고 애썼죠
비도 날카로운 햇살도
그대 우거진 사랑 아래 피했죠
꼿꼿이 선 채로
언제나 날 지켜주죠 미안하게
괜찮으니까 이젠 좀
흔들려요 흔들려도 돼요
무거운 잎들을 그냥 뭐 그냥 뭐
바람에게 줘버리면 돼
비가 내리면 함께 맞으면 돼
나로 인해 힘들면서
내 덕에 힘 난다는 듯
웃어주지 말아요
앙상해도 괜찮아요
무언가를 원해 곁에서
있었던 건 아니죠
비도 날카로운 햇살도
그대 우거진 사랑 아래 피했죠
정말 괜찮아요
그 마음만 영원하면 그럼 돼요
괜찮으니까 이젠 좀
흔들려요 흔들려도 돼요
무거운 잎들을 그냥 뭐 그냥 뭐
바람에게 줘버리면 돼
비가 내리면 함께 맞으면 돼
내려놓아요 그 무거운 잎들
그냥 그냥 놓아요 그 무거운 짐들
힘들었죠 아니긴요
힘들겠죠 이제 내게 기대요
이제 받는 법도 배워요
괜찮으니까 이젠 좀
흔들려요 흔들려도 돼요
무거운 잎들을 그냥 뭐 그냥 뭐
바람에게 줘버리면 돼
비가 내리면 함께 맞으면 돼"
휴식	다시	"다시 다시 그 때로 돌아가
다시 예전처럼
따뜻했던 봄날처럼
그 날의 우리처럼
생각이 나 자꾸 생각이 나
어딜가도 계속 너로 보여
틈만 나면 떠오르는 그 사람이
내 사람이면 좋을텐데
어떡하면 떠난 네가 다시
내 곁으로 돌아올 수 있을까
시간을 되돌려 그 때로 돌아가면
우린 지금 함께였을까 행복했을까
다시 다시 그 때로 돌아가
다시 예전처럼
따뜻했던 봄날처럼
그 날의 우리처럼
웃다가도 먹먹해지고
울다가도 문득 멍해져
틈만 나면 떠오르는 네 생각에
아무것도 못하잖아
어떡하면 떠난 너를 다시
내 옆으로 되돌릴 수 있을까
시간을 되돌려 그 때로 돌아가면
너를 꼭 안아줬을텐데 왜 그랬을까
다시 다시 그 때로 돌아가
다시 예전처럼
따뜻했던 봄날처럼
그 날의 우리처럼
다시 다시 그 때로 돌아가
다시 예전처럼
따뜻했던 봄날처럼
그 날의 우리처럼"
휴식	느리게 하는 일	느리게 느리게 느리게 그대를 잊으려 해요 빠르게 빠르게 가는 시간보다 더 천천히 잊으려 해요 그대가 알면 알게 된다면 서운할 지 몰라서 느릿느릿하게 잊는 버릇 들여가죠 조금만 더 사랑할게요 조금만 더 기억할게요 바닥에 흘린 이 눈물이 마를 때까지만 오늘만 더 견뎌볼게요 오늘만 더 기다릴게요 내 생각나고 그러면 언제든지 보러 와줘요 싫은데 싫은데 싫은데 거짓말 하게 되네요 그래서 그래서 우리 헤어진 일을 아무도 모르고 있죠 그대가 알면 알게 된다면 뭐라 할 지 몰라서 그댈 물어보면 잘 지낸다 대답하죠 조금만 더 사랑할게요 조금만 더 기억할게요 바닥에 흘린 이 눈물이 마를 때까지만 오늘만 더 견뎌볼게요 오늘만 더 기다릴게요 내 생각나고 그러면 언제든지 보러 와줘요 가끔은 그대가 미워요 문득 혼자라고 느껴질 때 별 거 아닌 일에 울고 말 때 그럴 때 그래도 나 사랑할래요 그래도 나 기억할래요 이별이 남긴 이 아픔이 멈출 때까지만 며칠만 더 견뎌볼래요 며칠만 더 기다릴래요 언젠가는 돌아와 잘못했다 하고 미안하다 하고 다시 시작하자 할까 봐
휴식	혼자	"혼자 하는 말 혼자 자는 밤
혼자 있는 것 혼자 사는 것
그건 내게는 당연한 것
또 너에게는 별일 아닌 것
고단한 몸 소란한 삶
요란한 맘 또 혼자 남은 밤
그건 내게는 당연한 것
또 너에게는 안쓰러운 것
혼자가 편하다는 내 말은
언제부터 거짓말이
되었는지 모르겠어
자꾸 나를 위로해
나는 정말 괜찮아
말하고 온 밤
여느 때보다 더 외로워져
혼자 하는 말 혼자 자는 밤
혼자 있는 것 혼자 사는 것
그건 내게는 당연한 것
또 너에게는 별일 아닌 것
고단한 몸 소란한 삶
요란한 맘 또 혼자 남은 밤
그건 내게는 당연한 것
또 너에게는 안쓰러운 것
혼자 걷는 밤
혼자 하는 약속
혼자 깊은 새벽
혼자 오는 아침
혼자 걷는 밤
혼자 하는 약속
혼자 깊은 새벽
혼자 오는 아침
빛나네
말해
나는 사실 불편해
나를 보는 시선
도저히 익숙해지질 않아
혼자 하는 말 혼자 자는 밤
혼자 있는 것 혼자 사는 것
그건 내게는 당연한 것
또 너에게는 별일 아닌 것
고단한 몸 소란한 삶
요란한 맘 또 혼자 남은 밤
그건 내게는 당연한 것
또 너에게는 안쓰러운 것
혼자 걷는 밤
혼자 하는 약속
혼자 깊은 새벽
혼자 오는 아침
혼자 걷는 밤
혼자 하는 약속
혼자 깊은 새벽
혼자 오는 아침
빛나네"
휴식	Stars	"내 별자리는 상처투성이 자리
내 혈액형은 a b o 또 a b 형
날 들킬까 봐 매일 나를 숨겼어
I'm sorry
어떤 사람이 되고 싶었던 걸까
그런 사람이 되면 행복해 질까
내 목소리로 내 마음에 속삭여
all right
길을 잃어버렸니 그럴 수도 있어
사람들의 그림자 뒤 따라가지마
잃어버린 나를 찾아줘
아무것도 아닌 게 내겐 어려워
그냥 하고 싶은 대로 하는 거
울고 싶을 땐 울어버리고
웃고 싶지 않을 때는 웃지 마
밤하늘에다 나를 난 그려봐
내가 만드는 나의 별자리
아무도 지우지 못할 나만의 빛으로
엄마 방에 불빛이 이제 꺼졌어
그 고단했던 하루가 잠들었어
난 왠지 그걸 보고서야 잠이 와 그냥
잘은 모르겠지만 안쓰러운 마음
뭔진 모르겠지만 잘하고 싶은 맘
이 마음이 소중한 거야
아무것도 아닌 게 내겐 어려워
그냥 하고 싶은 대로 하는 거
울고 싶을 땐 울어버리고
웃고 싶지 않을 때는 웃지 마
밤하늘에다 나를 난 그려봐
내가 만드는 나의 별자리
아무도 지우지 못할 나만의 빛으로
그 땐 내 잘못인 줄만 알아서
날 야단치고 탓을 하고
그러다 혼자 서러워하고
그러다 잠이 들고
나를 지우고 또 쓰고
그러다 후회하고
아무도 아닌 내가 되고
이제 다시 그런 거 하기 싫어
아무것도 아닌 게 내겐 어려워
누가 내게 말해주면 좋겠어
울고 싶을 땐 울어 버리고
웃고 싶지 않으면 웃지 말라고
밤하늘에서 날 보며 빛나는
내 얘기를 다 아는 별 하나
잘 하고 있는 거라고
매일 내게 말해줘
아무것도 아닌 게 내겐 어려워
그냥 하고 싶은 대로 하는 거
내가 빛날 수 있게
울고 싶을 땐 울어버리고
웃고 싶지 않을 때는 웃지 마
반은 거짓말 절반은 진짜 말
그 사이 어디쯤에 있는 나
잘하고 있는 거라고 말해주고 싶어
꼭 안아주고 싶어"
휴식	"너는, 꽃"	"어디서 불어올까
코끝에 바람이 스쳐와
너처럼 괜시리 기분이 좋아지는걸
웃는 모습마저도
날 설레게만 하는 이유
꽃처럼 한 철만 사랑할 수 있다면
너는 꽃처럼 아름다워
눈을 마주칠 수가 없어 널
순간의 순간마저 놓치고 싶지가 않아
너는 꼭 내 옆에 있기를
내 맘을 알아주기를
시간이 흘러도
꽃처럼 항상 내게만 웃어줘
울고 있던 니 모습
날 아프게 하지 말아요
꽃처럼 언제나 밝게 웃어주기를
너는 꽃처럼 어여뻐서
눈을 마주칠 수가 없어 널
순간의 순간마저 놓치고 싶지가 않아
너는 꼭 내 곁에 있기를
내 맘을 알아주기를
시간이 흘러도
꽃처럼 항상 내게만 웃어줘
너는 꽃보다 아름다워
보고 있을 땐 더 아름다운걸
지금 이 순간도
보내고 싶지가 않아
너는 꼭 내 옆에 있기를
내 손을 잡아주기를
오늘이 지나면
꽃처럼 항상 내게만 웃어줘"
휴식	Alone	"커피 한 잔
매일 우리 즐겨 찾던 이 곳
오늘은 혼자
아직까지 붙어 있는
우리 첫날 쪽지
까마득한 기억 속 모습이
왠지 보기 좋아 보였던 것 같아
거기 멈춰 있는 외로운 
지금의 내 모습이 두려워 져
다른 길로만 걷기도 했고
멀리 돌아서 와도 늘 제자린데
여긴 아무도 내가 혼자인지도 몰라
원래 없던 사람처럼
조용해
버스 가득 퍼져 버린
우리 추억들에 모두 멈춰 있는 걸
아직 너도 내 기억에
우울해 질까
까마득한 기억 속 모습이
왠지 보기 좋아 보였던 것 같아
거기 멈춰 있던 우리의
예전의 그 모습이 그리워져
다른 길로만 걷기도 했고
멀리 돌아서 와도 늘 제자린데
여긴 아무도 내가 혼자인지도 몰라
원래 없던 사람처럼"
휴식	서로의 조각 (With 기리보이)	"마주 잡은 손을 기억해
나의 의미는 너에게만 있어
바라보는 눈빛 그 아래
너의 의미는 나에게만 있어
너의 모든 것은 다 나에게로 와
까만 오늘의 닿은 의미가 돼
너의 모든 것은 다 나에게로 와
빈 어딘가의 한 조각이 되어
우리만의 성을 지을래
슬픈 눈물은 다 마실게
날 위한 창을 내줄래
매일 문을 나서는
그댈 바라보게
방안 가득 널 위한 노래
나의 의미는 너에게만 있어
오고 가는 수많은 표정 속에
너의 의미는 나에게만 있어
우연뿐인 매일매일에
널 위해 추는 춤
그리워질 내일 내일에
널 위해 그리는 꿈
너의 모든 것은 다 나에게로 와
까만 오늘의 닿은 의미가 돼
너의 모든 것은 다 나에게로 와
빈 어딘가의 한 조각이 되어
우리만의 성을 지을래
슬픈 눈물은 다 마실게
날 위한 창을 내줄래
매일 문을 나서는
그댈 바라보게
마주 잡은 손을 기억해
나의 의미는 너에게만 있어
바라보는 눈빛 그 아래
너의 의미는 나에게만 있어
방안 가득 널 위한 노래
나의 의미는 너에게만 있어
오고 가는 수많은 표정 속에
너의 의미는 나에게만 있어"
휴식	수채화 (Love in Color)	"마치 투명한 색깔로 
촉촉이 스며와 
서로에게 물들던 시간들 
채워지던 사랑 빛 
내 맘속 선명했던 사랑이 Oh 
희미해지는 Color 
나 홀로 이 어둠 속을 걸어 
그토록 선명했던 
우리 추억들은 이제 
희미한 흑백처럼 
Now we’re faded 
Now we’re faded 
네 모습 아득해져 가 
깨지 못한 꿈처럼 
내 맘속에 아련하게 남아 
다시 네가 그리워 
한 폭의 풍경 같던 사랑이 Oh 
희미해지는 Color 
나 홀로 이 어둠 속을 걸어 
그토록 선명했던 
우리 추억들은 이제 
희미한 흑백처럼 
내 맘 속에 눈부시게
물들었던 Me and You
눈물에 번진 Color
슬픔에 젖은 듯 퍼져
희미해지는 Color
나 홀로 이 어둠 속을 걸어
그토록 선명했던
우리 추억들은 이제
희미한 흑백처럼
Now we’re faded Oh Oh Oh Oh Oh
Now we’re faded Oh Oh Oh Oh Oh
Now we’re faded Oh Oh Oh Oh Oh
희미해지는 Color"
휴식	나비효과	"내일 일을 지금 알 수 있다면
후회 없는 내가 될 수 있을까
내가 지금 알고 있는 모든 걸
널 보낸 그때도 알았었더라면
리모콘을 들고 TV를 보다
드라마가 슬퍼 끄고 말았어
아무것도 없는 화면을 보다
사랑도 이렇게 꺼진걸 알았어
난 살아있고 싶어서
너와 함께 있고 싶어서
너무 많은 나를 버리고 왔다
난 이제 내가 없다고
니가 다 가졌다고
화를 내고 싶지만 니가 없다
바보같은 사랑을 했지
하지만 사랑은 바보같은 것
전부를 주고도 항상 미안해하고
매일 아쉬워하며
마지막엔 결국 혼자 남는 일
내가 지금 알고 있는 것
너를 보낸 후에 알게 됐던 것
널 보내기 전에 모두 알았더라면
미리 알았더라면
우리 지금 혹시
차 한잔을 같이 했을까
난 사랑하고 싶어서
정말 함께 있고 싶어서
너무 많은 나를 버리고 왔다
난 이제 내가 없다고
니가 다 가졌다고
화를 내고 싶지만 니가 없다
바보같은 사랑을 했지
하지만 사랑은 바보같은 것
전부를 주고도 항상 미안해하고
매일 아쉬워하며
마지막엔 결국 혼자 남는 일
내가 지금 알고 있는 것
너를 보낸 후에 알게 됐던 것
널 보내기 전에 모두 알았더라면
미리 알았더라면
우리 지금 혹시
차 한잔을 같이 했을까"
휴식	후유증 (Feat. 민현 Of 뉴이스트)	"그대여 오늘은 바람이 불어요
밤새 또 비가 많이 왔거든요
어제보다 더 차가워진 날씨에
옷깃을 여미며 문을 나서나요
그대여 백미러에 비춰 보며
까칠한 얼굴을 매만져 보나요
또 있잖아요 입맛도 없는 아침에
텁텁하기만 한 식빵을
입에 물었나요
우리 시작은 그리 힘들었고
우리 시간은 길지 않았죠
참 이상하죠 눈을 감으면
아직도 난 그댈 꿈 꿔요
우리 시작은 그리 힘들었고
우리 시간은 길지 않았죠
참 이상하죠 눈을 감으면
아직도 그댈 꿈 꿔요
그대여 어제 한참 쏟아진 비에
밤새 또 뒤척였었겠군요
바쁘다고 또 커피 한 잔만으로
점심 밥을 대충 때우고 있나요
우리 시작은 그리 힘들었고
우리 시간은 길지 않았죠
참 이상하죠 눈을 감으면
아직도 난 그댈 꿈 꿔요
우리 시작은 그리 힘들었고
우리 시간은 길지 않았죠
참 이상하죠 눈을 감으면
아직도 그댈 꿈 꿔요
그렇겠죠 다른 사람도 어딘가
빈 채로 살겠죠
맘 한 구석쯤 빈 채로
다 그렇겠죠 다른 사람도
어딘가 빈 채로 살겠죠
맘 한 구석쯤 어딘가 빈 채로
우리 지금의 우리처럼"
휴식	More Than Words	"재촉하진 말아요
아무 말도 준비 못 했죠
그대 같은 사랑은 처음이라
표현이 좀 서툰 거죠
나도 그대 못지않게 조급한 걸
그대마저 놓쳐 버릴까 봐
하지만 서둘지 않을래요
그대라면 기다릴 수 있죠
That's more than a word
than a word
feel my love
feel my love
말론 모두 담을 수 없죠
사랑한다는 그 말로 대신하긴 싫어
there are so many feelings
inside of me
That's more than a word
than a word
feel my love
feel my love
그저 맘으로 만져봐요 영원이라도
그대와 함께 있고픈 날
영원토록 그대와
모두 쉽게 애기하죠
작은 떨림마저 사랑이라
하지만 이토록 소중한 느낌은
자주 오지는 않을 텐데
감은 그대 눈으로 부푼
내 가슴 위로 가만히 날 느껴봐요
그대 지금까지 들어왔던
그런 사랑과 난 다르단 걸
That's more than a word
than a word
feel my love
feel my love
말론 모두 담을 수 없죠 사랑한다는
그 말로 대신하긴 싫어
there are so many feelings
inside of me
That's more than a word
than a word
feel my love
feel my love
그저 맘으로 만져봐요 영원이라도
그대와 함께 있고픈 날
영원토록 그대와
들리나요 그 어느새
내안에 너무 커져버린 이름
곁에 있기에 그대이기에 행복해
I'll love you baby
That's more than a word
feel my love
말론 모두 담을 수 없죠
사랑한다는 그 말로 대신하긴 싫어
there are so many feelings
inside of me
That's more than a word
feel my love
그저 맘으로 만져봐요 영원이라도
이라도
그대와 함께 있고픈 날
영원토록 그대와
이대로
이대로
그대와 함께 있고픈 날
이대로 그대와 함께 있고픈 날"
