"","Var1","Freq"
"1","나",4666
"2","너",1825
"3","그대",788
"4","사랑",702
"5","마음",686
"6","우리",613
"7","널",474
"8","니",408
"9","말",364
"10","오늘",346
"11","밤",313
"12","때",278
"13","눈",271
"14","하루",261
"15","사람",259
"16","속",242
"17","너와",235
"18","지금",230
"19","시간",226
"20","꿈",204
"21","눈물",193
"22","곁",191
"23","일",177
"24","바람",174
"25","네",172
"26","세상",166
"27","손",165
"28","어디",163
"29","조금",162
"30","그",161
"31","하늘",161
"32","이제",159
"33","누구",156
"34","생각",156
"35","가슴",149
"36","저",149
"37","순간",138
"38","여름",130
"39","모습",128
"40","기억",122
"41","말해",119
"42","소리",117
"43","여자",117
"44","혼자",115
"45","노래",114
"46","추억",113
"47","뭐",111
"48","날",106
"49","앞",106
"50","위",106
"51","곳",104
"52","그것",98
"53","여기",92
"54","끝",90
"55","나나",90
"56","처음",89
"57","수",87
"58","링",86
"59","파도",85
"60","무엇",84
"61","친구",83
"62","라",81
"63","그녀",80
"64","그때",77
"65","미소",76
"66","바보",76
"67","남자",75
"68","바다",75
"69","안",75
"70","기분",74
"71","빛",71
"72","언제",70
"73","바",69
"74","부비부비",68
"75","힘",68
"76","길",66
"77","거리",64
"78","아래",64
"79","얘기",64
"80","마",63
"81","볼",63
"82","이별",63
"83","태양",62
"84","얼굴",61
"85","내일",60
"86","비",60
"87","머리",58
"88","햇살",58
"89","입술",56
"90","향기",56
"91","꽃",53
"92","마지막",52
"93","맘",52
"94","걸",51
"95","상처",51
"96","이름",51
"97","아침",50
"98","테",50
"99","느낌",49
"100","눈빛",48
"101","사이",48
"102","옆",48
"103","위로",47
"104","자리",47
"105","행복",46
"106","숨",45
"107","이상",45
"108","전",45
"109","집",45
"110","몸",44
"111","아무것",44
"112","인생",44
"113","전부",44
"114","걱정",43
"115","당신",42
"116","별",42
"117","봄",42
"118","어깨",42
"119","종일",42
"120","보",41
"121","서로",41
"122","달",40
"123","삶",40
"124","어제",40
"125","이유",39
"126","가",38
"127","건",38
"128","그날",37
"129","어른",37
"130","잠",37
"131","뒤",36
"132","목소리",36
"133","밥",36
"134","워",36
"135","구름",35
"136","새벽",35
"137","우",35
"138","춤",35
"139","슬픔",34
"140","표정",33
"141","내",32
"142","버린",32
"143","운명",32
"144","차",32
"145","파란",32
"146","거기",31
"147","거짓말",31
"148","맛",31
"149","모두",31
"150","영원",31
"151","입",31
"152","걸음",30
"153","남아",30
"154","내맘",30
"155","상상",30
"156","서",30
"157","울라",30
"158","지친",30
"159","수도",29
"160","심장",29
"161","연인",29
"162","웃음",29
"163","이것",29
"164","자신",29
"165","전화",29
"166","그리움",28
"167","도시",28
"168","로",28
"169","사진",28
"170","약속",28
"171","쵸콜렛",28
"172","별빛",27
"173","절대",27
"174","챔피언",27
"175","고래",26
"176","날들",26
"177","마벨",26
"178","바닷가",26
"179","잠시",26
"180","쿨",26
"181","술",25
"182","아이",25
"183","의미",25
"184","그곳",24
"185","동안",24
"186","만",24
"187","모래",24
"188","빙수",24
"189","선물",24
"190","이야기",24
"191","필요",24
"192","함",24
"193","후회",24
"194","겨울",23
"195","기다림",23
"196","님",23
"197","대로",23
"198","인걸",23
"199","꽃잎",22
"200","너랑",22
"201","노",22
"202","리라",22
"203","매일",22
"204","영화",22
"205","음악",22
"206","기대",21
"207","록",21
"208","맘속",21
"209","아픔",21
"210","엉덩이",21
"211","여행",21
"212","외로움",21
"213","이",21
"214","준비",21
"215","커피",21
"216","토",21
"217","한마디",21
"218","해",21
"219","손길",20
"220","우산",20
"221","귓가",19
"222","나팔",19
"223","미련",19
"224","사실",19
"225","시작",19
"226","얼음",19
"227","쯤",19
"228","카모마일",19
"229","고개",18
"230","고백",18
"231","꿈속",18
"232","레",18
"233","밤새",18
"234","시절",18
"235","어둠",18
"236","언제쯤",18
"237","요즘",18
"238","인사",18
"239","편지",18
"240","해변",18
"241","화",18
"242","계절",17
"243","누군가",17
"244","눈치",17
"245","목",17
"246","미래",17
"247","설레임",17
"248","에너지",17
"249","인",17
"250","창가",17
"251","천국",17
"252","천사",17
"253","한숨",17
"254","후",17
"255","가슴속",16
"256","거울",16
"257","고",16
"258","공기",16
"259","달라",16
"260","라라",16
"261","마음속",16
"262","발",16
"263","버릴",16
"264","별이",16
"265","불면",16
"266","예전",16
"267","완전",16
"268","욕심",16
"269","용기",16
"270","저녁",16
"271","정신",16
"272","파",16
"273","하루하루",16
"274","한편",16
"275","꿀",15
"276","나인",15
"277","나팔바지",15
"278","남",15
"279","남이",15
"280","다리",15
"281","다음",15
"282","뒷모습",15
"283","릴",15
"284","방",15
"285","벽",15
"286","변한",15
"287","시",15
"288","에오",15
"289","있니",15
"290","자유",15
"291","저기",15
"292","참",15
"293","한걸음",15
"294","한참",15
"295","흔적",15
"296","고민",14
"297","공주",14
"298","기쁨",14
"299","떨림",14
"300","머릿속",14
"301","번",14
"302","소중한",14
"303","오랜만",14
"304","인연",14
"305","잔",14
"306","전화기",14
"307","존재",14
"308","창",14
"309","평생",14
"310","하나",14
"311","하늘이",14
"312","한잔",14
"313","관심",13
"314","그림자",13
"315","날개",13
"316","물",13
"317","물결",13
"318","발걸음",13
"319","부",13
"320","삶이",13
"321","세월",13
"322","시선",13
"323","얼마",13
"324","여름날",13
"325","요리",13
"326","제",13
"327","조차",13
"328","지지",13
"329","코",13
"330","콩떡",13
"331","틈",13
"332","피해",13
"333","히",13
"334","힐링",13
"335","감정",12
"336","겁",12
"337","나이",12
"338","농담",12
"339","대신",12
"340","문",12
"341","법",12
"342","벚꽃",12
"343","새",12
"344","숨결",12
"345","신경",12
"346","오빠",12
"347","옷",12
"348","일상",12
"349","진심",12
"350","거란",11
"351","그늘",11
"352","나라",11
"353","나무",11
"354","누나",11
"355","눈가",11
"356","롤러코스터",11
"357","린",11
"358","만약",11
"359","메아리",11
"360","무지개",11
"361","믿음",11
"362","바램",11
"363","밖",11
"364","밤하늘",11
"365","불고",11
"366","불빛",11
"367","비밀",11
"368","비행기",11
"369","색",11
"370","속삭임",11
"371","시계",11
"372","아이스크림",11
"373","예감",11
"374","워어",11
"375","이곳",11
"376","이번",11
"377","자",11
"378","주문",11
"379","최고",11
"380","칵테일",11
"381","현실",11
"382","가지",10
"383","그림",10
"384","날씨",10
"385","다",10
"386","마나",10
"387","말투",10
"388","방법",10
"389","빨간",10
"390","선",10
"391","손끝",10
"392","숨소리",10
"393","예",10
"394","장난",10
"395","재가",10
"396","주인공",10
"397","지난날",10
"398","철",10
"399","키스",10
"400","팝콘",10
"401","거려",9
"402","거지",9
"403","결국",9
"404","낮",9
"405","등",9
"406","뚜루",9
"407","마법",9
"408","만남",9
"409","매력",9
"410","부신",9
"411","붐",9
"412","숨길",9
"413","슈가",9
"414","엄마",9
"415","여",9
"416","윈",9
"417","일거",9
"418","입고",9
"419","정답",9
"420","제주도",9
"421","지고",9
"422","첫눈",9
"423","향",9
"424","가면",8
"425","기회",8
"426","늑대",8
"427","동서남북",8
"428","뜰",8
"429","란",8
"430","레오",8
"431","리",8
"432","먼저",8
"433","멜로디",8
"434","며칠",8
"435","무게",8
"436","무릎",8
"437","바라지",8
"438","봄바람",8
"439","불",8
"440","손가락",8
"441","숟가락",8
"442","숲",8
"443","슈",8
"444","안녕",8
"445","애",8
"446","어디쯤",8
"447","얼간이",8
"448","오랫동안",8
"449","오레오",8
"450","온몸",8
"451","우연",8
"452","이불",8
"453","이순",8
"454","이해",8
"455","일도",8
"456","입가",8
"457","입맞춤",8
"458","적",8
"459","전시회장",8
"460","주위",8
"461","천",8
"462","티",8
"463","피",8
"464","허리",8
"465","희망",8
"466","new",7
"467","가시",7
"468","거품",7
"469","계곡",7
"470","고통",7
"471","공간",7
"472","그거",7
"473","그동안",7
"474","나비",7
"475","너머",7
"476","놈",7
"477","단",7
"478","대답",7
"479","돈",7
"480","땀",7
"481","리듬",7
"482","멋",7
"483","모래알",7
"484","몸짓",7
"485","미움",7
"486","바캉스",7
"487","번이",7
"488","베개",7
"489","변명",7
"490","부담",7
"491","부산",7
"492","분위기",7
"493","빗물",7
"494","상관",7
"495","손뼉",7
"496","수면",7
"497","안부",7
"498","어머니",7
"499","연락",7
"500","열애",7
"501","왕자",7
"502","요새",7
"503","의",7
"504","입안",7
"505","자격",7
"506","자기",7
"507","자유로",7
"508","자존심",7
"509","주",7
"510","지킬",7
"511","진짜",7
"512","짐",7
"513","창문",7
"514","체온",7
"515","초",7
"516","출",7
"517","타이밍",7
"518","탓",7
"519","표현",7
"520","품",7
"521","풍경",7
"522","피고",7
"523","한날",7
"524","가을",6
"525","갈거",6
"526","객석",6
"527","거짓",6
"528","건너",6
"529","고운",6
"530","귀",6
"531","나중",6
"532","낼",6
"533","대박",6
"534","도",6
"535","따",6
"536","뚜",6
"537","루",6
"538","루루",6
"539","마주한",6
"540","마찬가지",6
"541","말론",6
"542","무",6
"543","문제",6
"544","버스",6
"545","베리",6
"546","보일",6
"547","빨",6
"548","산",6
"549","섬",6
"550","소나기",6
"551","소망",6
"552","솜사탕",6
"553","스트로",6
"554","시련",6
"555","신발",6
"556","아가씨",6
"557","아파트",6
"558","안보",6
"559","여유",6
"560","온종일",6
"561","왼쪽",6
"562","위험",6
"563","잔소리",6
"564","잘못",6
"565","잡지",6
"566","제자리",6
"567","지도",6
"568","채",6
"569","청춘",6
"570","초콜릿",6
"571","카페",6
"572","타서",6
"573","핑계",6
"574","하지",6
"575","화분",6
"576","화장",6
"577","훗날",6
"578","가나",5
"579","가리",5
"580","가야",5
"581","간",5
"582","갈래",5
"583","고양이",5
"584","고장",5
"585","그린",5
"586","금",5
"587","깡",5
"588","년",5
"589","눈길",5
"590","눈꽃",5
"591","능력",5
"592","단둘",5
"593","단어",5
"594","달래",5
"595","덕분",5
"596","데",5
"597","두",5
"598","두려움",5
"599","들판",5
"600","땅",5
"601","라디오",5
"602","룰",5
"603","막지",5
"604","먹",5
"605","멜로",5
"606","면",5
"607","몸매",5
"608","미",5
"609","반",5
"610","반쪽",5
"611","발끝",5
"612","발목",5
"613","밸런스",5
"614","버릇",5
"615","벨",5
"616","별것",5
"617","불꽃",5
"618","비키니",5
"619","빙고",5
"620","상자",5
"621","새들",5
"622","서울",5
"623","소녀",5
"624","소식",5
"625","속의",5
"626","수평선",5
"627","숙녀",5
"628","습관",5
"629","아빠",5
"630","애인",5
"631","에어플레인",5
"632","오기",5
"633","오래전",5
"634","옥상",5
"635","이세",5
"636","일인",5
"637","자랑",5
"638","자연",5
"639","잠깐",5
"640","장",5
"641","점",5
"642","제대",5
"643","조명",5
"644","지우개",5
"645","진담",5
"646","진주",5
"647","질",5
"648","창밖",5
"649","촛불",5
"650","칠",5
"651","침묵",5
"652","컴백",5
"653","컵",5
"654","통화",5
"655","틀",5
"656","파티",5
"657","평소",5
"658","하나하나",5
"659","한강",5
"660","한동안",5
"661","한때",5
"662","행동",5
"663","혀끝",5
"664","확인",5
"665","후에",5
"666","가사",4
"667","가운데",4
"668","각",4
"669","간섭",4
"670","강아지",4
"671","걔",4
"672","겨울밤",4
"673","계단",4
"674","고등어",4
"675","고슴도치",4
"676","과정",4
"677","굽이",4
"678","글씨",4
"679","기도",4
"680","기억도",4
"681","기적",4
"682","기타",4
"683","길지",4
"684","꽃향기",4
"685","나빠",4
"686","낙원",4
"687","낯",4
"688","내사",4
"689","노을",4
"690","다짐",4
"691","단꿈",4
"692","답",4
"693","도로",4
"694","되",4
"695","둠둠",4
"696","뜸",4
"697","럼",4
"698","레몬",4
"699","마마",4
"700","만족",4
"701","먹구름",4
"702","메시지",4
"703","메어",4
"704","모짜르트",4
"705","몰",4
"706","미안",4
"707","바닷물",4
"708","바닷바람",4
"709","배터리",4
"710","번지",4
"711","별처",4
"712","보편",4
"713","봄날",4
"714","뷰",4
"715","빌딩",4
"716","뿌리",4
"717","사랑인가",4
"718","삭일",4
"719","산꼭대기",4
"720","산책",4
"721","색깔",4
"722","생활",4
"723","샵",4
"724","설렘주의",4
"725","설탕",4
"726","성질",4
"727","소용",4
"728","소주",4
"729","손짓",4
"730","손톱",4
"731","쇼",4
"732","순애보",4
"733","쉬어",4
"734","스트립",4
"735","스푼",4
"736","식사",4
"737","신도림역",4
"738","실수",4
"739","쌀",4
"740","아메리카",4
"741","아버지",4
"742","안개",4
"743","앙금",4
"744","애기",4
"745","어린아이",4
"746","온도",4
"747","우울",4
"748","우정",4
"749","우주",4
"750","우체국",4
"751","울",4
"752","웃기",4
"753","원래",4
"754","월",4
"755","융단",4
"756","이기",4
"757","이틀",4
"758","일기장",4
"759","일생",4
"760","일지",4
"761","자동차",4
"762","전쟁",4
"763","전해",4
"764","젊음이",4
"765","점프",4
"766","정원",4
"767","주머니",4
"768","주인",4
"769","중력",4
"770","지겨워",4
"771","질투",4
"772","착각",4
"773","찰나",4
"774","참치",4
"775","책",4
"776","캔디",4
"777","커튼",4
"778","컴온",4
"779","코너",4
"780","키",4
"781","특별",4
"782","팥",4
"783","편안",4
"784","포기",4
"785","프랜드",4
"786","피아노",4
"787","하",4
"788","하모니카",4
"789","학교",4
"790","한눈",4
"791","한순간",4
"792","함성",4
"793","행운",4
"794","협주곡",4
"795","홈런",4
"796","환상",4
"797","회색",4
"798","후식",4
"799","휴전",4
"800","가로등",3
"801","가치",3
"802","감동",3
"803","강",3
"804","걷기",3
"805","결정",3
"806","고기",3
"807","고뇌",3
"808","곡",3
"809","골목길",3
"810","관리",3
"811","광선",3
"812","광안리",3
"813","괴로움",3
"814","구두",3
"815","구슬",3
"816","굴레",3
"817","굴지",3
"818","그새",3
"819","글자",3
"820","기운",3
"821","긴긴밤",3
"822","길가",3
"823","나날",3
"824","낙엽",3
"825","날라리",3
"826","내기",3
"827","눈시울",3
"828","다운",3
"829","단맛",3
"830","담배",3
"831","답장",3
"832","당장",3
"833","더위",3
"834","데이트",3
"835","도망",3
"836","돗자리",3
"837","동네",3
"838","동백섬",3
"839","뒷면",3
"840","떡",3
"841","똥",3
"842","뜻",3
"843","로마",3
"844","롤리팝",3
"845","마른",3
"846","말씀",3
"847","말하기",3
"848","머리맡",3
"849","메",3
"850","모금",3
"851","무더위",3
"852","문신",3
"853","문틈",3
"854","밀고",3
"855","바늘",3
"856","바지",3
"857","반지",3
"858","반짝이",3
"859","발버둥",3
"860","방아",3
"861","방향",3
"862","번개",3
"863","별일",3
"864","병",3
"865","보이",3
"866","본능",3
"867","볼륨",3
"868","봄노래",3
"869","봄빛",3
"870","부집",3
"871","비도",3
"872","빈집",3
"873","빛깔",3
"874","뺨",3
"875","사막",3
"876","사준",3
"877","사탕",3
"878","삭발",3
"879","산더미",3
"880","상속",3
"881","새장",3
"882","새침",3
"883","색연필",3
"884","샘",3
"885","생",3
"886","서고",3
"887","선글래스",3
"888","세",3
"889","송이",3
"890","술집",3
"891","스트레스",3
"892","신고",3
"893","신나",3
"894","신문",3
"895","신혼부부",3
"896","실패",3
"897","아까",3
"898","아로",3
"899","아저씨",3
"900","애교",3
"901","어데",3
"902","엄지",3
"903","에게",3
"904","여야",3
"905","여인",3
"906","연가",3
"907","연습",3
"908","열매",3
"909","오해",3
"910","오후",3
"911","올해",3
"912","와인",3
"913","와일드",3
"914","왕",3
"915","용",3
"916","용서",3
"917","원망",3
"918","원피스",3
"919","윌",3
"920","유리잔",3
"921","은거",3
"922","음성",3
"923","의자",3
"924","인형",3
"925","잎",3
"926","자체",3
"927","작고",3
"928","작정",3
"929","제주",3
"930","조깅",3
"931","조절",3
"932","주먹",3
"933","주변",3
"934","주제",3
"935","죽지",3
"936","지네",3
"937","지운",3
"938","진실",3
"939","집착",3
"940","짜증",3
"941","짱",3
"942","책상",3
"943","축복",3
"944","축제",3
"945","카우",3
"946","캘리포니아",3
"947","콧노래",3
"948","킹",3
"949","태엽",3
"950","태평양",3
"951","턱",3
"952","테킬라",3
"953","토라",3
"954","틈새",3
"955","파탈",3
"956","팝",3
"957","풍선",3
"958","피지",3
"959","핀",3
"960","하나쯤",3
"961","하루살이",3
"962","하룻밤",3
"963","한",3
"964","한사람",3
"965","한치",3
"966","해답",3
"967","해운대",3
"968","해지기",3
"969","형",3
"970","활동",3
"971","휴일",3
"972","흑백",3
"973","힌트",3
"974","가로수",2
"975","가방",2
"976","가십",2
"977","가족",2
"978","각자",2
"979","갈림길",2
"980","감귤",2
"981","감성",2
"982","감옥",2
"983","강이",2
"984","거북이",2
"985","겉",2
"986","게이트",2
"987","게임",2
"988","겨",2
"989","결말",2
"990","경험",2
"991","곁눈",2
"992","계란",2
"993","고독",2
"994","고요",2
"995","고요한",2
"996","고인",2
"997","고집",2
"998","고해",2
"999","공놀이",2
"1000","과거",2
"1001","관",2
"1002","광",2
"1003","광화문",2
"1004","구",2
"1005","굳",2
"1006","그년",2
"1007","그제",2
"1008","금금",2
"1009","금방",2
"1010","기",2
"1011","기가",2
"1012","기간",2
"1013","기약",2
"1014","길기",2
"1015","길마",2
"1016","길이",2
"1017","까",2
"1018","껍데기",2
"1019","꼬리",2
"1020","꽃반지",2
"1021","꿈결",2
"1022","나그네",2
"1023","나침반",2
"1024","나한",2
"1025","나흘",2
"1026","낙타",2
"1027","날인",2
"1028","남고",2
"1029","남포동",2
"1030","내생",2
"1031","내서",2
"1032","냄새",2
"1033","너랑나랑",2
"1034","너이",2
"1035","너희",2
"1036","노랫",2
"1037","노랫소리",2
"1038","눈동자",2
"1039","눈매",2
"1040","눈초리",2
"1041","느",2
"1042","다우니",2
"1043","다이아",2
"1044","다툼",2
"1045","다행",2
"1046","닥",2
"1047","단서",2
"1048","단점",2
"1049","담벼락",2
"1050","담지",2
"1051","대지",2
"1052","대체",2
"1053","대화",2
"1054","도움",2
"1055","독해",2
"1056","돌려",2
"1057","동생",2
"1058","동해",2
"1059","동해안",2
"1060","두리",2
"1061","두진",2
"1062","뒷걸음",2
"1063","드라마",2
"1064","드릴",2
"1065","땅바닥",2
"1066","뜬구름",2
"1067","리슨",2
"1068","만화책",2
"1069","말기",2
"1070","맘일",2
"1071","매",2
"1072","매듭",2
"1073","맹세",2
"1074","머리부",2
"1075","멀미",2
"1076","명예",2
"1077","모닥불",2
"1078","모래사장",2
"1079","모래성",2
"1080","모래시계",2
"1081","몫",2
"1082","무지갯빛",2
"1083","물개",2
"1084","물거품",2
"1085","물고",2
"1086","물기",2
"1087","물레",2
"1088","뮤직",2
"1089","바퀴",2
"1090","반기",2
"1091","반딧불",2
"1092","반응",2
"1093","반할",2
"1094","발길",2
"1095","발린",2
"1096","밤바다",2
"1097","배가",2
"1098","배낭",2
"1099","배신감",2
"1100","백사장",2
"1101","벌",2
"1102","베이비",2
"1103","별자리",2
"1104","별짓",2
"1105","보석",2
"1106","부끄럼",2
"1107","부르기",2
"1108","부셔",2
"1109","분만",2
"1110","분수대",2
"1111","불면증",2
"1112","불안",2
"1113","빈틈",2
"1114","빗방울",2
"1115","빗소리",2
"1116","빗속",2
"1117","사",2
"1118","사고",2
"1119","사라",2
"1120","사연",2
"1121","사주",2
"1122","사회",2
"1123","사흘",2
"1124","살",2
"1125","살수",2
"1126","상태",2
"1127","새로움",2
"1128","새우등",2
"1129","생선",2
"1130","샴푸",2
"1131","서랍",2
"1132","서러움",2
"1133","선생",2
"1134","선택",2
"1135","세계",2
"1136","세상일",2
"1137","셀",2
"1138","소금",2
"1139","소름",2
"1140","소문",2
"1141","소설",2
"1142","속눈썹",2
"1143","속세",2
"1144","손발",2
"1145","솔로",2
"1146","수화기",2
"1147","숙제",2
"1148","술래",2
"1149","술안주",2
"1150","술잔",2
"1151","숨쉬기",2
"1152","슈퍼",2
"1153","스타일",2
"1154","시공",2
"1155","시대",2
"1156","시드",2
"1157","신고서",2
"1158","신이",2
"1159","신호",2
"1160","실감",2
"1161","심도",2
"1162","쓰지마",2
"1163","아이라",2
"1164","안개꽃",2
"1165","안내도",2
"1166","안식처",2
"1167","앞뒤",2
"1168","야경",2
"1169","약이",2
"1170","약해",2
"1171","어간",2
"1172","어깨동무",2
"1173","어이",2
"1174","어장",2
"1175","어젯밤",2
"1176","어진",2
"1177","억지",2
"1178","언덕",2
"1179","업고",2
"1180","엔딩",2
"1181","엔진",2
"1182","여우",2
"1183","여친",2
"1184","연기",2
"1185","연속",2
"1186","열정",2
"1187","영혼",2
"1188","예상",2
"1189","옛날",2
"1190","오늘부",2
"1191","오른쪽",2
"1192","온대",2
"1193","온밤",2
"1194","옷차림",2
"1195","완벽",2
"1196","외면",2
"1197","외출",2
"1198","외투",2
"1199","우후",2
"1200","운동",2
"1201","운동화",2
"1202","울음",2
"1203","웃음소리",2
"1204","원",2
"1205","원한",2
"1206","월급봉투",2
"1207","위리",2
"1208","유혹",2
"1209","은빛",2
"1210","은하수",2
"1211","음식",2
"1212","의식",2
"1213","이글",2
"1214","이년",2
"1215","이마",2
"1216","이맘때",2
"1217","이벤트",2
"1218","이서",2
"1219","이성",2
"1220","이판사판",2
"1221","이팔청춘",2
"1222","인가",2
"1223","인순이",2
"1224","일방",2
"1225","일주일",2
"1226","입도",2
"1227","입속",2
"1228","입어",2
"1229","입장",2
"1230","자갈치시장",2
"1231","자국",2
"1232","자지",2
"1233","자책",2
"1234","작별",2
"1235","장도",2
"1236","장미",2
"1237","장점",2
"1238","재미",2
"1239","잿빛",2
"1240","저가",2
"1241","저편",2
"1242","점일",2
"1243","점핑",2
"1244","정도",2
"1245","정해진",2
"1246","조각",2
"1247","조개",2
"1248","종이",2
"1249","죄",2
"1250","주니어",2
"1251","주름",2
"1252","주질",2
"1253","줄다리기",2
"1254","중",2
"1255","중독",2
"1256","즐거움",2
"1257","지구",2
"1258","지느",2
"1259","지렁이",2
"1260","지붕",2
"1261","지상",2
"1262","지옥",2
"1263","지은",2
"1264","지혜",2
"1265","직선",2
"1266","질문",2
"1267","집어",2
"1268","짓",2
"1269","짝",2
"1270","차도",2
"1271","찰라",2
"1272","책임",2
"1273","척하",2
"1274","천년",2
"1275","철이",2
"1276","첨부",2
"1277","첫날",2
"1278","쳇바퀴",2
"1279","초록",2
"1280","초인종",2
"1281","초침",2
"1282","출석",2
"1283","취미",2
"1284","치마",2
"1285","치맛자락",2
"1286","치지",2
"1287","카페인",2
"1288","코끝",2
"1289","코코넛",2
"1290","코트",2
"1291","큰일",2
"1292","텀블러",2
"1293","텐트",2
"1294","통증",2
"1295","파고",2
"1296","파리바",2
"1297","팽이",2
"1298","편견",2
"1299","포",2
"1300","폼",2
"1301","푸르름",2
"1302","풋사랑",2
"1303","프리지아",2
"1304","필수",2
"1305","하나라",2
"1306","하날",2
"1307","하트",2
"1308","학생",2
"1309","한아름",2
"1310","한쪽",2
"1311","해지",2
"1312","해질녘",2
"1313","핸드폰",2
"1314","행선지",2
"1315","향이",2
"1316","허공",2
"1317","허물",2
"1318","호수",2
"1319","홍대",2
"1320","화초",2
"1321","황금빛",2
"1322","후리지아",2
"1323","휘파람",2
"1324","휴식",2
"1325","힌",2
"1326","힐",2
"1327","SK",1
"1328","가게",1
"1329","가까이",1
"1330","가늠",1
"1331","가든",1
"1332","가랑비",1
"1333","가린",1
"1334","가뭄",1
"1335","가세",1
"1336","가습기",1
"1337","가식",1
"1338","가을바람",1
"1339","가짜",1
"1340","각도",1
"1341","간도",1
"1342","간만",1
"1343","갈갈이",1
"1344","갈색",1
"1345","갈치",1
"1346","감",1
"1347","감각",1
"1348","감기",1
"1349","값",1
"1350","강가",1
"1351","강강수월래",1
"1352","강물",1
"1353","강해",1
"1354","강해진",1
"1355","개",1
"1356","개구쟁이",1
"1357","거리에서",1
"1358","걸림돌",1
"1359","검색",1
"1360","겉옷",1
"1361","겨울날",1
"1362","겨울잠",1
"1363","고급",1
"1364","고생",1
"1365","고추",1
"1366","고향",1
"1367","골",1
"1368","골목",1
"1369","골목대장",1
"1370","골치",1
"1371","곰",1
"1372","공",1
"1373","공터",1
"1374","공항",1
"1375","과",1
"1376","관념",1
"1377","관음",1
"1378","광기",1
"1379","광란",1
"1380","광야",1
"1381","교과서",1
"1382","교복",1
"1383","교실",1
"1384","교외",1
"1385","구릿빛",1
"1386","구석",1
"1387","구속",1
"1388","구원",1
"1389","국그릇",1
"1390","국화",1
"1391","군인",1
"1392","귀와",1
"1393","귓속",1
"1394","그기",1
"1395","그네",1
"1396","그라운드",1
"1397","그전",1
"1398","근심",1
"1399","근육",1
"1400","근처",1
"1401","글",1
"1402","글귀",1
"1403","금가루",1
"1404","금빛",1
"1405","기만",1
"1406","기본",1
"1407","기부",1
"1408","기쁨조",1
"1409","기억력",1
"1410","기전",1
"1411","기준",1
"1412","기지개",1
"1413","기차",1
"1414","긴장",1
"1415","길거리",1
"1416","김",1
"1417","김중배",1
"1418","김치찌개",1
"1419","껌",1
"1420","꼬마",1
"1421","꽁치",1
"1422","꽃다발",1
"1423","꽃집",1
"1424","끈",1
"1425","나뭇잎",1
"1426","나발",1
"1427","나선",1
"1428","나일",1
"1429","나타",1
"1430","난대",1
"1431","난데",1
"1432","날밤",1
"1433","남녀",1
"1434","남녀노소",1
"1435","남친",1
"1436","낭비",1
"1437","낮잠",1
"1438","내비",1
"1439","내색",1
"1440","내음",1
"1441","내일모레",1
"1442","내자",1
"1443","넋",1
"1444","네버",1
"1445","녀",1
"1446","녀석",1
"1447","노랫말",1
"1448","노력",1
"1449","노루",1
"1450","노소",1
"1451","노조",1
"1452","노출",1
"1453","노트북",1
"1454","녹색",1
"1455","놀이",1
"1456","눈물샘",1
"1457","눈알",1
"1458","뉴스",1
"1459","느네",1
"1460","늦봄",1
"1461","니모",1
"1462","니트",1
"1463","다름",1
"1464","다릴",1
"1465","다시다",1
"1466","다이어트",1
"1467","다주",1
"1468","단골",1
"1469","달력",1
"1470","달수",1
"1471","담",1
"1472","당황",1
"1473","대고",1
"1474","대면",1
"1475","대수",1
"1476","대요",1
"1477","대책",1
"1478","덫",1
"1479","도끼",1
"1480","도덕",1
"1481","도둑",1
"1482","도미노",1
"1483","도박",1
"1484","도시락",1
"1485","독",1
"1486","돌",1
"1487","동공",1
"1488","동산",1
"1489","동화",1
"1490","돛",1
"1491","두개",1
"1492","두시",1
"1493","뒷자리",1
"1494","뒷통수",1
"1495","듀스",1
"1496","드레스",1
"1497","듣기",1
"1498","등교",1
"1499","딱지",1
"1500","딴생각",1
"1501","땅거미",1
"1502","뜨거움",1
"1503","라면",1
"1504","랩",1
"1505","랩퍼",1
"1506","러",1
"1507","런지",1
"1508","레벨",1
"1509","레스토랑",1
"1510","리리",1
"1511","마네",1
"1512","마디",1
"1513","마리아",1
"1514","마릴린",1
"1515","마음가짐",1
"1516","마침표",1
"1517","마하",1
"1518","막차",1
"1519","만리",1
"1520","만인",1
"1521","만점",1
"1522","만화방",1
"1523","말라가",1
"1524","말속",1
"1525","말썽",1
"1526","맛보기",1
"1527","맞이",1
"1528","맡",1
"1529","맥주",1
"1530","머리칼",1
"1531","머린",1
"1532","머릿",1
"1533","먼동",1
"1534","먼로",1
"1535","먼지",1
"1536","멍",1
"1537","메이",1
"1538","메이커",1
"1539","멘트",1
"1540","면도",1
"1541","면허",1
"1542","명",1
"1543","명일",1
"1544","명칭",1
"1545","모",1
"1546","모기",1
"1547","모네",1
"1548","모서리",1
"1549","모카",1
"1550","모태",1
"1551","모텔",1
"1552","목도리",1
"1553","목련",1
"1554","몸부림",1
"1555","몸서리",1
"1556","못",1
"1557","못난이",1
"1558","못잊어",1
"1559","묘",1
"1560","무기",1
"1561","무대",1
"1562","무라",1
"1563","무박",1
"1564","무색",1
"1565","무안",1
"1566","무지",1
"1567","무진",1
"1568","문자",1
"1569","문턱",1
"1570","물감",1
"1571","물구나무",1
"1572","물방울",1
"1573","물음표",1
"1574","미니스커트",1
"1575","미로",1
"1576","미신",1
"1577","믹스",1
"1578","민",1
"1579","민둥산",1
"1580","민박",1
"1581","민트",1
"1582","민폐",1
"1583","밀당",1
"1584","바가지",1
"1585","바깥",1
"1586","바닥",1
"1587","바닷",1
"1588","바라바",1
"1589","바람둥이",1
"1590","바비",1
"1591","반대편",1
"1592","반복",1
"1593","반역자",1
"1594","반장",1
"1595","발등",1
"1596","발병",1
"1597","발산",1
"1598","발음",1
"1599","발자국",1
"1600","밤거리",1
"1601","밤공기",1
"1602","밤바람",1
"1603","밤색",1
"1604","밤중",1
"1605","방구석",1
"1606","방식",1
"1607","방아쇠",1
"1608","방울",1
"1609","방이",1
"1610","방콕",1
"1611","방패연",1
"1612","배드민턴",1
"1613","배불",1
"1614","배웅",1
"1615","배탈",1
"1616","백그라운드",1
"1617","백수",1
"1618","백악관",1
"1619","백조",1
"1620","버핏",1
"1621","벅",1
"1622","번데기",1
"1623","번도",1
"1624","번의",1
"1625","번진",1
"1626","번호",1
"1627","벌레",1
"1628","베",1
"1629","베어",1
"1630","베일",1
"1631","벼랑",1
"1632","별거",1
"1633","별게",1
"1634","별꼴",1
"1635","별로",1
"1636","별수",1
"1637","별애",1
"1638","보고서",1
"1639","보라색",1
"1640","보인",1
"1641","복숭아",1
"1642","복판",1
"1643","볼일",1
"1644","봉주르",1
"1645","부름",1
"1646","부메랑",1
"1647","부모",1
"1648","부시맨",1
"1649","부족",1
"1650","부질",1
"1651","부탁",1
"1652","북소리",1
"1653","분간",1
"1654","분쟁",1
"1655","불안도",1
"1656","불행",1
"1657","블루",1
"1658","블루진",1
"1659","비교",1
"1660","비명",1
"1661","비바람",1
"1662","비상금",1
"1663","비의",1
"1664","비타민",1
"1665","비트",1
"1666","비행",1
"1667","빅",1
"1668","빈방",1
"1669","빈부",1
"1670","빈자리",1
"1671","빗금",1
"1672","빠",1
"1673","빨간색",1
"1674","빨린",1
"1675","뼛속",1
"1676","뽀",1
"1677","삐삐",1
"1678","삐에로",1
"1679","사나이",1
"1680","사면",1
"1681","사무실",1
"1682","사반",1
"1683","사인",1
"1684","사진첩",1
"1685","사치",1
"1686","살결",1
"1687","살만",1
"1688","살의",1
"1689","삼",1
"1690","삼팔선",1
"1691","상사",1
"1692","새내기",1
"1693","새벽하늘",1
"1694","색색",1
"1695","색칠",1
"1696","샌들",1
"1697","생수",1
"1698","생일",1
"1699","샤워",1
"1700","샴페인",1
"1701","서버",1
"1702","서성",1
"1703","석양빛",1
"1704","선글라스",1
"1705","선반",1
"1706","선수",1
"1707","선율",1
"1708","설",1
"1709","설명",1
"1710","성모",1
"1711","성별",1
"1712","성수기",1
"1713","성의",1
"1714","성인",1
"1715","세수",1
"1716","세시",1
"1717","셈",1
"1718","셔츠",1
"1719","소",1
"1720","소낙비",1
"1721","소원",1
"1722","소음",1
"1723","소재",1
"1724","소주병",1
"1725","속도",1
"1726","속마음",1
"1727","손깍지",1
"1728","손도",1
"1729","손등",1
"1730","손목시계",1
"1731","손바닥",1
"1732","솜털",1
"1733","쇼핑",1
"1734","수목",1
"1735","수수께끼",1
"1736","수야",1
"1737","수염",1
"1738","수조",1
"1739","수치",1
"1740","수퍼맨",1
"1741","수화",1
"1742","순",1
"1743","순수",1
"1744","순정",1
"1745","쉼표",1
"1746","스웨터",1
"1747","스윗",1
"1748","스쿠터",1
"1749","스타",1
"1750","스트라이크",1
"1751","시름",1
"1752","시험",1
"1753","식구",1
"1754","식당",1
"1755","식은땀",1
"1756","식지",1
"1757","식충",1
"1758","식탁",1
"1759","신",1
"1760","신당",1
"1761","신부",1
"1762","신부가",1
"1763","신사",1
"1764","신조",1
"1765","실력",1
"1766","실적",1
"1767","싫증",1
"1768","심박",1
"1769","싱글",1
"1770","싹",1
"1771","쌍둥이",1
"1772","씨앗",1
"1773","아날",1
"1774","아들",1
"1775","아래위",1
"1776","아쉬움",1
"1777","아스팔트",1
"1778","아이스",1
"1779","아이스커피",1
"1780","아일",1
"1781","아줌마",1
"1782","아지",1
"1783","아틀란티스",1
"1784","악보",1
"1785","악세사리",1
"1786","악수",1
"1787","안경",1
"1788","안달",1
"1789","안정감",1
"1790","알랑",1
"1791","애원",1
"1792","애정",1
"1793","야자나무",1
"1794","야자수",1
"1795","양치",1
"1796","어귀",1
"1797","어귀에서",1
"1798","어두",1
"1799","어린",1
"1800","어스름",1
"1801","언니",1
"1802","언어",1
"1803","얼룩",1
"1804","업무",1
"1805","엉망",1
"1806","에어컨",1
"1807","엔돌핀",1
"1808","여기저기",1
"1809","여러분",1
"1810","여인숙",1
"1811","역사",1
"1812","연",1
"1813","연락처",1
"1814","연상",1
"1815","연애",1
"1816","열기",1
"1817","열린",1
"1818","열쇠",1
"1819","영활",1
"1820","옆집",1
"1821","예고",1
"1822","예술",1
"1823","예술가",1
"1824","예외",1
"1825","옛집",1
"1826","오디오",1
"1827","오랫만",1
"1828","오메가",1
"1829","오빠야",1
"1830","오예",1
"1831","오줌",1
"1832","오픈카",1
"1833","옥수수",1
"1834","온기",1
"1835","와서",1
"1836","와우",1
"1837","와주",1
"1838","왜인",1
"1839","외국인",1
"1840","외딴섬",1
"1841","외모",1
"1842","외식",1
"1843","외침",1
"1844","외톨이",1
"1845","요령",1
"1846","요일",1
"1847","욕",1
"1848","우려",1
"1849","우유",1
"1850","운동장",1
"1851","운전",1
"1852","울림",1
"1853","움",1
"1854","움직임",1
"1855","워렌",1
"1856","워터",1
"1857","웨딩드레스",1
"1858","웬일",1
"1859","위안",1
"1860","유리알",1
"1861","유효",1
"1862","은",1
"1863","은아",1
"1864","은행",1
"1865","음",1
"1866","음표",1
"1867","의심",1
"1868","이것저것",1
"1869","이듬해",1
"1870","이란",1
"1871","이럴",1
"1872","이맘때쯤",1
"1873","이민",1
"1874","이방인",1
"1875","이보",1
"1876","이어폰",1
"1877","이외",1
"1878","이유란",1
"1879","이율",1
"1880","이쪽",1
"1881","인간",1
"1882","인기",1
"1883","인디",1
"1884","인마",1
"1885","인사말",1
"1886","인정",1
"1887","인지도",1
"1888","인척",1
"1889","인터넷",1
"1890","일로",1
"1891","일부",1
"1892","일자리",1
"1893","일주",1
"1894","일진",1
"1895","일해",1
"1896","입맛",1
"1897","입자",1
"1898","자니",1
"1899","자도",1
"1900","자락",1
"1901","자의",1
"1902","자전거",1
"1903","자책감",1
"1904","작품",1
"1905","잔치",1
"1906","잠결",1
"1907","잠바",1
"1908","잠자리",1
"1909","잡",1
"1910","잡기",1
"1911","장담",1
"1912","장면",1
"1913","장미꽃",1
"1914","장의",1
"1915","재롱",1
"1916","재수",1
"1917","재즈",1
"1918","재지",1
"1919","쟁취",1
"1920","쟤",1
"1921","저녁상",1
"1922","저마",1
"1923","저울",1
"1924","저하",1
"1925","전경",1
"1926","전세",1
"1927","전용",1
"1928","전쟁터",1
"1929","절",1
"1930","절망",1
"1931","절벽",1
"1932","젊음",1
"1933","젓가락",1
"1934","정",1
"1935","정거장",1
"1936","정돈",1
"1937","정리",1
"1938","정반대",1
"1939","정주",1
"1940","정직",1
"1941","정해준",1
"1942","제자",1
"1943","조언",1
"1944","조여",1
"1945","졸고",1
"1946","종소리",1
"1947","종잇조각",1
"1948","종착역",1
"1949","좌우",1
"1950","주네",1
"1951","주마",1
"1952","주말",1
"1953","주스",1
"1954","주자",1
"1955","주저",1
"1956","주지",1
"1957","주체",1
"1958","죽기",1
"1959","죽음",1
"1960","준거",1
"1961","줄기",1
"1962","중심",1
"1963","중압감",1
"1964","중요",1
"1965","즉흥",1
"1966","지갑",1
"1967","지구인",1
"1968","지면",1
"1969","지우진",1
"1970","지적",1
"1971","지하철",1
"1972","직사광선",1
"1973","직장",1
"1974","진",1
"1975","진도",1
"1976","진지한",1
"1977","진채",1
"1978","진한",1
"1979","진해",1
"1980","진흙",1
"1981","질색",1
"1982","짐작",1
"1983","집도",1
"1984","쪽지",1
"1985","찍자",1
"1986","차고",1
"1987","차이",1
"1988","차창",1
"1989","찬바람",1
"1990","책가방",1
"1991","책임감",1
"1992","천재",1
"1993","철부지",1
"1994","첫날밤",1
"1995","첫사랑",1
"1996","청소",1
"1997","청승",1
"1998","청해",1
"1999","체",1
"2000","초생달",1
"2001","초원",1
"2002","초점",1
"2003","촉",1
"2004","촌",1
"2005","최선",1
"2006","쵸콜릿",1
"2007","출근길",1
"2008","출동",1
"2009","출발역",1
"2010","충격",1
"2011","충전",1
"2012","취향",1
"2013","치",1
"2014","침",1
"2015","침대",1
"2016","카드",1
"2017","칼",1
"2018","칼날",1
"2019","칼바람",1
"2020","캠퍼스",1
"2021","컨디션",1
"2022","컨셉",1
"2023","케익",1
"2024","코드",1
"2025","코발트",1
"2026","코스",1
"2027","콜",1
"2028","콜라",1
"2029","콧대",1
"2030","퀴즈",1
"2031","크린",1
"2032","큰사랑",1
"2033","클래스",1
"2034","킬",1
"2035","타기",1
"2036","타의",1
"2037","타이",1
"2038","타입",1
"2039","타자",1
"2040","탁자",1
"2041","탈",1
"2042","태",1
"2043","터널",1
"2044","터프가이",1
"2045","텐",1
"2046","텔레비전",1
"2047","퇴근길",1
"2048","투명",1
"2049","투성",1
"2050","튜브",1
"2051","트러블",1
"2052","틈틈",1
"2053","틴",1
"2054","파라다이스",1
"2055","파라솔",1
"2056","파란색",1
"2057","파랑새",1
"2058","파벌",1
"2059","파워",1
"2060","파주",1
"2061","파크",1
"2062","파트너",1
"2063","판단",1
"2064","판매",1
"2065","팔레트",1
"2066","팔베개",1
"2067","팔짱",1
"2068","팥빙수",1
"2069","팬티",1
"2070","퍼",1
"2071","페인",1
"2072","편의",1
"2073","편의점",1
"2074","평균대",1
"2075","평온",1
"2076","폐인",1
"2077","포로",1
"2078","포인트",1
"2079","포장마차",1
"2080","폭",1
"2081","폭풍",1
"2082","폴라로이드",1
"2083","퐁당퐁당",1
"2084","표",1
"2085","표독",1
"2086","풀벌레",1
"2087","품이",1
"2088","프로",1
"2089","피부",1
"2090","피진",1
"2091","핑크",1
"2092","하기",1
"2093","하란",1
"2094","하세",1
"2095","하얀색",1
"2096","하이야",1
"2097","하품",1
"2098","학년",1
"2099","한가",1
"2100","한꺼번",1
"2101","한내",1
"2102","한방",1
"2103","한소리",1
"2104","한손",1
"2105","한장",1
"2106","한줄기",1
"2107","한지",1
"2108","합세",1
"2109","합체",1
"2110","핫",1
"2111","핫바",1
"2112","해달",1
"2113","해랑",1
"2114","햇볕",1
"2115","행각",1
"2116","행복감",1
"2117","향내",1
"2118","향수",1
"2119","허브",1
"2120","허상",1
"2121","허풍",1
"2122","헤어",1
"2123","헤이",1
"2124","헬스",1
"2125","혀",1
"2126","현상",1
"2127","호기심",1
"2128","호텔",1
"2129","혼란",1
"2130","혼잣말",1
"2131","홈",1
"2132","화면",1
"2133","화이트",1
"2134","황홀",1
"2135","회사",1
"2136","효과",1
"2137","후보",1
"2138","휴식처",1
"2139","흙",1
"2140","흙바닥",1
"2141","흡입",1
"2142","희열",1
